full_name;stars;age_years;releases_count;primary_language;forks_count;open_issues_count;created_at;updated_at
Snailclimb/JavaGuide;154476;7.88;0;Java;46133;68;2018-05-07T13:27:00Z;2026-03-26T01:48:05Z
krahets/hello-algo;123932;3.39;10;Java;14945;29;2022-11-04T11:08:34Z;2026-03-26T02:13:08Z
GrowingGit/GitHub-Chinese-Top-Charts;107085;6.55;0;Java;13530;193;2019-09-05T03:01:56Z;2026-03-26T01:39:10Z
iluwatar/java-design-patterns;93835;11.62;0;Java;27370;220;2014-08-09T16:45:18Z;2026-03-25T22:27:40Z
macrozheng/mall;83238;7.98;3;Java;29678;15;2018-04-04T01:11:44Z;2026-03-26T01:44:28Z
spring-projects/spring-boot;80309;13.43;342;Java;41862;480;2012-10-19T15:02:57Z;2026-03-25T22:34:47Z
doocs/advanced-java;78916;7.47;1;Java;19269;2;2018-10-06T11:38:30Z;2026-03-25T20:20:08Z
MisterBooo/LeetCodeAnimation;76699;7.3;0;Java;13977;21;2018-12-06T08:01:22Z;2026-03-25T16:52:18Z
elastic/elasticsearch;76393;16.12;238;Java;25827;5673;2010-02-08T13:20:56Z;2026-03-26T01:23:30Z
NationalSecurityAgency/ghidra;66149;7.07;52;Java;7290;1855;2019-03-01T03:27:48Z;2026-03-26T02:18:11Z
TheAlgorithms/Java;65280;9.69;0;Java;21038;51;2016-07-16T10:21:02Z;2026-03-25T23:56:45Z
kdn251/interviews;64935;9.11;0;Java;12922;118;2017-02-14T18:19:25Z;2026-03-25T18:27:51Z
spring-projects/spring-framework;59785;15.29;359;Java;38901;360;2010-12-08T04:04:45Z;2026-03-26T01:22:54Z
termux/termux-app;52481;10.42;95;Java;6276;508;2015-10-23T09:42:46Z;2026-03-26T02:03:24Z
google/guava;51504;11.82;57;Java;11153;725;2014-05-29T16:23:17Z;2026-03-26T00:40:23Z
dbeaver/dbeaver;49276;10.43;244;Java;4088;3256;2015-10-21T08:26:28Z;2026-03-26T01:12:48Z
ReactiveX/RxJava;48469;13.21;257;Java;7602;16;2013-01-08T20:11:48Z;2026-03-25T23:52:56Z
skylot/jadx;47787;13.02;34;Java;5467;414;2013-03-18T17:08:21Z;2026-03-26T00:28:47Z
jeecgboot/JeecgBoot;45568;7.33;70;Java;15853;78;2018-11-26T10:40:00Z;2026-03-26T02:18:19Z
apache/dubbo;41712;13.76;113;Java;26530;950;2012-06-19T07:56:02Z;2026-03-26T02:00:37Z
PhilJay/MPAndroidChart;38227;11.92;44;Java;9046;2189;2014-04-25T14:29:47Z;2026-03-25T16:07:06Z
halo-dev/halo;38146;8.01;253;Java;10232;242;2018-03-21T12:56:52Z;2026-03-26T02:13:22Z
TeamNewPipe/NewPipe;37651;10.56;141;Java;3520;1389;2015-09-03T23:39:26Z;2026-03-26T02:04:27Z
eugenp/tutorials;37350;12.9;0;Java;53720;30;2013-04-29T18:26:36Z;2026-03-26T01:22:47Z
alibaba/arthas;37212;7.57;69;Java;7635;471;2018-08-29T17:15:57Z;2026-03-25T05:27:18Z
geekxh/hello-algorithm;36032;5.82;0;Java;6446;11;2020-05-29T05:47:09Z;2026-03-26T02:08:09Z
YunaiV/ruoyi-vue-pro;36020;5.16;54;Java;7780;7;2021-01-24T03:18:25Z;2026-03-26T01:53:55Z
doocs/leetcode;35822;7.52;21;Java;9380;0;2018-09-16T14:03:03Z;2026-03-25T23:58:18Z
airbnb/lottie-android;35602;9.46;63;Java;5438;54;2016-10-06T22:42:42Z;2026-03-25T16:07:13Z
ashishps1/awesome-system-design-resources;35515;2.42;0;Java;7772;9;2023-10-25T01:50:42Z;2026-03-26T01:48:29Z
bumptech/glide;35031;12.71;54;Java;6182;633;2013-07-08T22:52:33Z;2026-03-25T18:44:20Z
netty/netty;34898;15.37;3;Java;16268;619;2010-11-09T09:22:21Z;2026-03-25T17:29:19Z
SeleniumHQ/selenium;34177;13.19;114;Java;8667;195;2013-01-14T21:40:56Z;2026-03-26T01:23:17Z
xkcoding/spring-boot-demo;34112;8.37;0;Java;10992;142;2017-11-10T06:27:29Z;2026-03-25T16:47:01Z
zxing/zxing;33900;14.45;32;Java;9433;10;2011-10-12T14:07:27Z;2026-03-25T23:22:41Z
alibaba/easyexcel;33770;8.13;14;Java;7622;569;2018-02-06T03:14:08Z;2026-03-25T07:57:45Z
Blankj/AndroidUtilCode;33707;9.65;117;Java;10681;328;2016-07-30T18:18:32Z;2026-03-25T16:07:07Z
keycloak/keycloak;33570;12.73;103;Java;8172;2546;2013-07-02T13:38:51Z;2026-03-26T01:45:41Z
alibaba/nacos;32764;7.78;89;Java;13260;226;2018-06-15T06:49:27Z;2026-03-26T02:08:23Z
binarywang/WxJava;32669;10.21;31;Java;9059;10;2016-01-06T08:24:05Z;2026-03-25T13:18:36Z
apache/kafka;32228;14.61;0;Java;15068;333;2011-08-15T18:06:16Z;2026-03-25T23:31:39Z
conductor-oss/conductor;31566;2.29;36;Java;840;141;2023-12-08T06:06:09Z;2026-03-26T01:28:09Z
ityouknow/spring-boot-examples;30640;9.38;0;Java;12300;17;2016-11-05T05:32:33Z;2026-03-24T07:29:17Z
chinabugotech/hutool;30333;11.95;157;Java;7645;2;2014-04-13T07:23:51Z;2026-03-25T16:45:16Z
xuxueli/xxl-job;29991;10.32;42;Java;11455;216;2015-11-28T12:59:34Z;2026-03-26T01:23:26Z
apolloconfig/apollo;29767;10.06;43;Java;10203;151;2016-03-04T10:24:23Z;2026-03-26T01:57:20Z
alibaba/canal;29645;13.19;32;Java;7660;1244;2013-01-13T10:59:52Z;2026-03-25T14:57:25Z
alibaba/spring-cloud-alibaba;29083;8.31;51;Java;8516;148;2017-12-01T20:49:15Z;2026-03-25T11:43:12Z
yuliskov/SmartTube;29079;5.66;980;Java;1559;644;2020-07-28T12:53:52Z;2026-03-26T01:26:20Z
wuyouzhuguli/SpringAll;29011;7.9;0;Java;8155;34;2018-05-02T02:48:44Z;2026-03-25T16:50:06Z
DrKLO/Telegram;28758;12.41;95;Java;9351;440;2013-10-25T14:08:10Z;2026-03-25T21:51:57Z
alibaba/druid;28217;14.39;52;Java;8603;2348;2011-11-03T05:12:51Z;2026-03-25T10:07:31Z
lenve/vhr;28096;8.22;0;Java;10252;214;2018-01-04T08:57:51Z;2026-03-25T17:31:09Z
Anuken/Mindustry;27026;8.9;182;Java;3380;93;2017-04-30T01:24:29Z;2026-03-26T00:30:48Z
crossoverJie/JCSprout;27002;8.27;0;Java;7022;45;2017-12-17T09:06:50Z;2026-03-25T16:53:56Z
qiurunze123/miaosha;26604;7.53;0;Java;6618;6;2018-09-14T04:36:24Z;2026-03-25T17:21:25Z
kestra-io/kestra;26592;6.58;413;Java;2532;496;2019-08-24T13:56:15Z;2026-03-26T01:37:00Z
OpenAPITools/openapi-generator;26022;7.87;79;Java;7456;5636;2018-05-12T09:57:56Z;2026-03-26T01:36:35Z
apache/incubator-seata;25966;7.24;45;Java;8890;878;2018-12-28T08:37:22Z;2026-03-25T16:43:22Z
apache/flink;25892;11.8;0;Java;13906;323;2014-06-07T07:00:10Z;2026-03-26T02:03:53Z
alibaba/fastjson;25702;14.39;84;Java;6446;2112;2011-11-03T06:58:52Z;2026-03-25T10:07:57Z
hollischuang/toBeTopJavaer;25457;7.41;0;Java;5412;61;2018-10-25T09:54:54Z;2026-03-24T09:15:02Z
JakeWharton/butterknife;25413;13.05;0;Java;4565;119;2013-03-05T08:18:59Z;2026-03-25T16:06:56Z
CodePhiliaX/Chat2DB;25282;2.76;43;Java;2764;517;2023-06-20T14:05:26Z;2026-03-26T01:29:26Z
bazelbuild/bazel;25262;11.78;246;Java;4428;1846;2014-06-12T16:00:38Z;2026-03-25T20:55:47Z
scwang90/SmartRefreshLayout;25175;8.81;14;Java;4976;341;2017-06-02T09:52:50Z;2026-03-25T16:07:27Z
jenkinsci/jenkins;25128;15.34;483;Java;9432;3585;2010-11-22T21:21:23Z;2026-03-25T21:30:58Z
libgdx/libgdx;24947;13.62;15;Java;6533;332;2012-08-10T19:34:38Z;2026-03-25T21:22:04Z
proxyee-down-org/proxyee-down;24787;8.41;49;Java;4377;214;2017-10-25T10:07:27Z;2026-03-25T15:53:34Z
apache/skywalking;24760;10.38;63;Java;6640;39;2015-11-07T03:30:36Z;2026-03-26T01:51:03Z
greenrobot/EventBus;24750;13.69;7;Java;4650;147;2012-07-16T16:55:40Z;2026-03-24T14:57:40Z
Netflix/Hystrix;24467;13.34;79;Java;4705;56;2012-11-19T20:14:46Z;2026-03-25T11:12:30Z
google/gson;24347;11.02;12;Java;4417;336;2015-03-19T18:21:20Z;2026-03-25T16:06:43Z
redisson/redisson;24275;12.2;178;Java;5496;277;2014-01-11T14:06:25Z;2026-03-26T02:04:30Z
iBotPeaches/Apktool;24141;14.02;28;Java;3897;80;2012-03-19T17:46:53Z;2026-03-26T02:15:21Z
dataease/dataease;23675;5.14;105;Java;4059;56;2021-02-02T04:10:21Z;2026-03-26T02:14:13Z
EnterpriseQualityCoding/FizzBuzzEnterpriseEdition;23568;13.33;0;Java;800;544;2012-11-24T00:14:41Z;2026-03-26T01:12:36Z
LSPosed/LSPosed;23228;5.28;39;Java;3536;5;2020-12-12T08:39:37Z;2026-03-26T02:20:06Z
doocs/source-code-hunter;23136;6.41;0;Java;4260;0;2019-10-28T01:35:10Z;2026-03-25T17:17:38Z
alibaba/Sentinel;23106;7.97;26;Java;8151;841;2018-04-04T06:37:33Z;2026-03-25T15:15:24Z
ashishps1/awesome-low-level-design;22912;2.35;0;Java;5633;62;2023-11-17T10:15:12Z;2026-03-26T00:30:52Z
openjdk/jdk;22736;7.52;0;Java;6287;425;2018-09-17T12:29:20Z;2026-03-26T02:16:10Z
apache/rocketmq;22385;9.31;24;Java;11991;294;2016-11-30T08:00:08Z;2026-03-26T02:04:20Z
kunal-kushwaha/DSA-Bootcamp-Java;22375;4.65;0;Java;13210;647;2021-07-30T12:23:25Z;2026-03-25T18:48:24Z
google/ExoPlayer;21935;11.78;28;Java;6014;632;2014-06-13T21:19:18Z;2026-03-25T18:20:14Z
elunez/eladmin;21934;7.28;1;Java;7372;8;2018-12-14T08:54:24Z;2026-03-25T09:55:14Z
oracle/graal;21528;10.19;32;Java;1784;825;2016-01-14T17:11:35Z;2026-03-26T02:11:22Z
CarGuo/GSYVideoPlayer;21430;9.36;64;Java;4323;14;2016-11-13T12:34:31Z;2026-03-26T00:15:22Z
thingsboard/thingsboard;21419;9.31;77;Java;6199;187;2016-12-01T09:33:30Z;2026-03-26T01:28:50Z
brettwooldridge/HikariCP;21076;12.46;0;Java;3013;528;2013-10-08T05:43:03Z;2026-03-25T22:10:14Z
apache/shardingsphere;20701;10.18;59;Java;6912;316;2016-01-18T12:49:26Z;2026-03-26T02:19:07Z
didi/DoKit;20433;7.61;14;Java;3190;276;2018-08-14T10:32:07Z;2026-03-25T15:54:34Z
mybatis/mybatis-3;20401;13.11;46;Java;12945;201;2013-02-14T19:03:32Z;2026-03-26T02:04:16Z
linlinjava/litemall;20206;8.01;8;Java;7338;46;2018-03-22T16:42:30Z;2026-03-26T01:20:02Z
ReactiveX/RxAndroid;20181;11.6;20;Java;2945;1;2014-08-19T03:46:38Z;2026-03-24T15:22:45Z
yudaocode/SpringBoot-Labs;20078;7.53;0;Java;6180;46;2018-09-12T14:51:46Z;2026-03-25T12:53:04Z
JetBrains/intellij-community;19873;14.48;24;Java;5707;168;2011-09-30T13:33:05Z;2026-03-26T00:32:56Z
dianping/cat;18969;13.3;3;Java;5424;215;2012-12-05T02:31:48Z;2026-03-25T13:56:06Z
lionsoul2014/ip2region;18868;10.4;21;Java;2987;3;2015-11-02T00:43:13Z;2026-03-25T19:31:12Z
Baseflow/PhotoView;18858;13.69;5;Java;3923;225;2012-07-17T16:39:00Z;2026-03-25T22:33:15Z
antlr/antlr4;18802;16.14;31;Java;3427;1054;2010-02-04T01:36:28Z;2026-03-25T07:39:13Z
YunaiV/yudao-cloud;18708;6.9;40;Java;4688;4;2019-05-02T16:06:49Z;2026-03-25T09:05:30Z
dromara/Sa-Token;18706;6.14;39;Java;2887;97;2020-02-03T10:34:29Z;2026-03-25T13:59:06Z
williamfiset/Algorithms;18541;9.02;0;Java;4524;53;2017-03-18T02:50:46Z;2026-03-25T17:47:36Z
Tencent/APIJSON;18410;9.34;111;Java;2274;238;2016-11-21T12:03:29Z;2026-03-25T07:28:12Z
LMAX-Exchange/disruptor;18273;13.51;14;Java;3961;15;2012-09-21T13:42:24Z;2026-03-26T01:50:57Z
forezp/SpringCloudLearning;17978;8.96;0;Java;7998;50;2017-04-08T10:06:56Z;2026-03-24T15:35:52Z
Tencent/tinker;17819;9.55;60;Java;3359;556;2016-09-06T06:57:52Z;2026-03-25T16:07:12Z
ben-manes/caffeine;17571;11.28;72;Java;1683;1;2014-12-13T08:45:11Z;2026-03-26T02:05:11Z
infinilabs/analysis-ik;17435;14.27;1;Java;3284;323;2011-12-16T09:01:45Z;2026-03-25T06:16:19Z
openzipkin/zipkin;17418;13.8;98;Java;3101;172;2012-06-06T18:26:16Z;2026-03-25T19:20:45Z
justauth/JustAuth;17417;7.15;46;Java;2852;73;2019-01-31T09:42:20Z;2026-03-26T01:11:14Z
baomidou/mybatis-plus;17325;9.6;40;Java;4445;119;2016-08-18T10:06:53Z;2026-03-25T15:05:40Z
gyoogle/tech-interview-for-developer;17231;6.79;0;Java;3725;19;2019-06-09T04:42:57Z;2026-03-25T22:48:06Z
material-components/material-components-android;17215;9.3;118;Java;3227;784;2016-12-05T16:11:29Z;2026-03-25T15:03:56Z
facebook/fresco;17163;11.06;55;Java;3749;259;2015-03-02T09:58:04Z;2026-03-25T23:53:40Z
alibaba/DataX;17147;8.18;7;Java;5663;1353;2018-01-18T10:09:47Z;2026-03-25T13:35:14Z
nostra13/Android-Universal-Image-Loader;17056;14.32;0;Java;6040;460;2011-11-27T18:48:23Z;2026-03-25T16:06:52Z
heibaiying/BigData-Notes;16883;7.04;0;Java;4309;37;2019-03-10T01:40:01Z;2026-03-25T18:08:25Z
questdb/questdb;16788;11.91;103;Java;1556;819;2014-04-28T23:29:15Z;2026-03-25T18:00:05Z
Grasscutters/Grasscutter;16769;3.94;20;Java;4367;148;2022-04-17T12:43:46Z;2026-03-25T20:33:03Z
winterbe/java8-tutorial;16768;12.02;0;Java;4011;19;2014-03-16T17:25:43Z;2026-03-23T09:59:43Z
shuzheng/zheng;16703;9.47;0;Java;7290;81;2016-10-04T10:07:06Z;2026-03-25T16:57:07Z
prestodb/presto;16666;13.63;14;Java;5532;2849;2012-08-09T01:03:37Z;2026-03-26T00:05:27Z
JeffLi1993/springboot-learning-example;16595;9.13;0;Java;7106;54;2017-02-06T07:02:25Z;2026-03-25T16:57:12Z
neo4j/neo4j;16173;13.36;72;Java;2582;188;2012-11-12T08:46:15Z;2026-03-26T01:46:37Z
ashishps1/awesome-leetcode-resources;16087;2.42;0;Java;3442;12;2023-10-25T01:48:19Z;2026-03-26T00:24:56Z
android-hacker/VirtualXposed;15989;8.31;50;Java;2520;157;2017-12-01T09:00:58Z;2026-03-25T19:14:02Z
dyc87112/SpringBoot-Learning;15794;9.59;0;Java;4835;68;2016-08-21T03:39:06Z;2026-03-25T10:38:38Z
android10/Android-CleanArchitecture;15562;11.6;0;Java;3288;144;2014-08-19T14:09:26Z;2026-03-25T16:07:11Z
quarkusio/quarkus;15557;7.72;465;Java;3112;2673;2018-07-06T00:44:20Z;2026-03-26T01:59:09Z
apache/hadoop;15511;11.57;0;Java;9205;121;2014-08-28T07:00:08Z;2026-03-25T16:51:53Z
Konloch/bytecode-viewer;15459;11.44;62;Java;1223;100;2014-10-14T10:26:46Z;2026-03-25T07:34:45Z
mockito/mockito;15435;13.45;226;Java;2653;480;2012-10-13T20:27:12Z;2026-03-25T16:51:31Z
apache/pulsar;15178;9.74;122;Java;3714;1672;2016-06-28T07:00:03Z;2026-03-25T12:25:18Z
apache/doris;15154;8.62;83;Java;3741;797;2017-08-10T12:13:30Z;2026-03-26T01:56:56Z
zhisheng17/flink-learning;15055;7.23;0;Java;3959;0;2019-01-01T07:38:28Z;2026-03-25T09:26:59Z
java-decompiler/jd-gui;15055;11.0;18;Java;2476;245;2015-03-25T05:28:41Z;2026-03-25T08:52:14Z
supertokens/supertokens-core;14987;6.22;115;Java;657;152;2020-01-05T13:30:52Z;2026-03-25T16:30:27Z
zaproxy/zaproxy;14905;10.81;24;Java;2528;849;2015-06-03T16:55:01Z;2026-03-25T18:22:27Z
cryptomator/cryptomator;14836;12.14;205;Java;1275;291;2014-02-02T00:43:47Z;2026-03-26T01:17:19Z
elastic/logstash;14816;15.35;238;Java;3502;2220;2010-11-18T01:31:50Z;2026-03-26T00:55:46Z
theonedev/onedev;14800;7.38;469;Java;944;0;2018-11-06T02:57:01Z;2026-03-25T16:31:25Z
eclipse-vertx/vert.x;14662;14.77;0;Java;2098;222;2011-06-17T14:54:55Z;2026-03-26T00:37:07Z
arduino/Arduino;14552;15.52;37;Java;6990;738;2010-09-17T19:10:36Z;2026-03-25T06:49:46Z
hdodenhof/CircleImageView;14543;12.18;0;Java;3097;7;2014-01-17T16:44:46Z;2026-03-25T16:07:04Z
Tencent/QMUI_Android;14522;8.93;35;Java;2677;428;2017-04-21T10:03:18Z;2026-03-25T16:04:28Z
alibaba/ARouter;14500;9.28;16;Java;2614;141;2016-12-14T01:27:49Z;2026-03-24T10:17:01Z
GoogleContainerTools/jib;14362;8.17;176;Java;1469;244;2018-01-22T18:30:43Z;2026-03-25T14:54:33Z
deeplearning4j/deeplearning4j;14214;12.33;0;Java;3843;615;2013-11-27T02:03:28Z;2026-03-25T16:41:11Z
languagetool-org/languagetool;14213;12.63;0;Java;1493;2097;2013-08-08T16:37:22Z;2026-03-25T22:46:26Z
apache/dolphinscheduler;14200;7.07;56;Java;5011;180;2019-03-01T16:39:25Z;2026-03-25T16:22:00Z
DuGuQiuBai/Java;14193;10.33;0;Java;5169;78;2015-11-25T07:30:08Z;2026-03-25T17:54:33Z
kekingcn/kkFileView;14026;8.28;16;Java;3224;48;2017-12-12T11:41:08Z;2026-03-25T13:01:27Z
Netflix/zuul;13999;13.03;60;Java;2431;9;2013-03-13T18:53:57Z;2026-03-24T04:14:05Z
janishar/mit-deep-learning-book-pdf;13968;8.96;3;Java;2873;12;2017-04-07T10:46:50Z;2026-03-25T12:16:44Z
apache/druid;13965;13.42;71;Java;3776;795;2012-10-23T19:08:07Z;2026-03-26T01:03:10Z
xpipe-io/xpipe;13909;3.16;145;Java;533;51;2023-01-27T02:25:38Z;2026-03-26T01:23:27Z
sqshq/piggymetrics;13881;10.99;2;Java;6384;26;2015-03-29T17:56:31Z;2026-03-25T01:04:01Z
orhanobut/logger;13879;11.01;16;Java;2138;81;2015-03-20T22:30:12Z;2026-03-21T06:53:29Z
pinpoint-apm/pinpoint;13815;11.43;62;Java;3761;516;2014-10-20T09:27:22Z;2026-03-26T01:37:02Z
lgvalle/Material-Animations;13799;11.05;0;Java;2451;20;2015-03-08T20:54:00Z;2026-03-24T14:57:32Z
seaswalker/spring-analysis;13766;9.54;0;Java;4153;20;2016-09-09T07:46:32Z;2026-03-25T17:30:12Z
JessYanCoding/AndroidAutoSize;13749;7.6;14;Java;2011;125;2018-08-17T09:04:19Z;2026-03-25T05:33:25Z
LuckSiege/PictureSelector;13596;9.22;116;Java;3113;579;2017-01-04T07:47:39Z;2026-03-24T10:17:01Z
tink-crypto/tink;13559;11.8;21;Java;1185;0;2014-06-06T16:21:09Z;2026-03-25T07:34:42Z
Bigkoo/Android-PickerView;13471;11.24;0;Java;3460;437;2014-12-28T01:46:38Z;2026-03-24T10:16:56Z
projectlombok/lombok;13424;16.79;0;Java;2474;1001;2009-06-08T19:46:41Z;2026-03-25T16:51:35Z
macrozheng/mall-learning;13368;6.95;0;Java;8319;5;2019-04-12T13:20:31Z;2026-03-26T01:46:16Z
pxb1988/dex2jar;13099;11.03;8;Java;2193;379;2015-03-16T09:13:07Z;2026-03-25T12:11:07Z
metersphere/metersphere;13045;6.14;183;Java;2791;39;2020-02-03T02:06:12Z;2026-03-26T01:23:39Z
youth5201314/banner;13040;9.92;0;Java;2530;46;2016-04-22T05:50:25Z;2026-03-24T10:16:59Z
alibaba/COLA;12921;8.13;11;Java;3231;101;2018-02-06T13:46:27Z;2026-03-25T03:18:07Z
macrozheng/mall-swarm;12890;6.33;3;Java;5511;9;2019-11-25T06:55:31Z;2026-03-26T01:14:15Z
plantuml/plantuml;12828;15.39;67;Java;1162;607;2010-11-04T15:55:50Z;2026-03-25T21:24:51Z
codecentric/spring-boot-admin;12827;11.67;147;Java;3118;46;2014-07-25T11:39:13Z;2026-03-25T20:48:47Z
Netflix/conductor;12788;9.3;319;Java;2332;164;2016-12-07T22:48:42Z;2026-03-25T08:57:31Z
apache/zookeeper;12742;16.99;0;Java;7329;226;2009-03-27T15:41:56Z;2026-03-25T11:43:25Z
google/guice;12731;11.82;19;Java;1686;361;2014-05-28T23:18:53Z;2026-03-26T01:26:33Z
facebook/stetho;12701;11.17;13;Java;1117;85;2015-01-22T22:34:10Z;2026-03-24T13:33:53Z
microg/GmsCore;12699;11.92;45;Java;2663;1247;2014-04-23T19:28:47Z;2026-03-26T01:36:12Z
Netflix/eureka;12696;13.66;152;Java;3780;136;2012-07-26T22:23:07Z;2026-03-25T17:30:28Z
trinodb/trino;12662;7.18;4;Java;3546;2589;2019-01-19T06:38:14Z;2026-03-26T02:19:47Z
opensearch-project/OpenSearch;12642;5.15;65;Java;2480;2666;2021-01-29T22:10:00Z;2026-03-26T01:42:55Z
greenrobot/greenDAO;12617;14.42;8;Java;2873;237;2011-10-22T16:15:14Z;2026-03-24T10:16:54Z
zhihu/Matisse;12564;8.95;15;Java;2053;465;2017-04-13T01:31:05Z;2026-03-26T01:29:26Z
debezium/debezium;12544;10.17;0;Java;2894;144;2016-01-22T20:17:05Z;2026-03-26T01:03:28Z
daimajia/AndroidViewAnimations;12473;11.75;9;Java;2418;66;2014-06-23T03:53:13Z;2026-03-25T16:07:08Z
LawnchairLauncher/lawnchair;12440;9.06;31;Java;1470;666;2017-03-03T13:12:58Z;2026-03-25T22:53:40Z
pagehelper-org/Mybatis-PageHelper;12384;11.79;15;Java;3114;55;2014-06-09T15:32:30Z;2026-03-24T08:41:18Z
daimajia/AndroidSwipeLayout;12382;11.58;18;Java;2647;383;2014-08-25T04:09:33Z;2026-03-25T14:17:05Z
redis/jedis;12298;15.79;120;Java;3902;104;2010-06-11T13:04:43Z;2026-03-25T18:19:24Z
amitshekhariitbhu/android-interview-questions;12291;8.71;0;Java;2379;14;2017-07-09T18:47:24Z;2026-03-25T05:59:13Z
Team-xManager/xManager;12184;5.12;51;Java;317;30;2021-02-08T11:31:10Z;2026-03-25T23:16:53Z
beemdevelopment/Aegis;12169;9.61;73;Java;514;96;2016-08-15T19:10:31Z;2026-03-26T01:23:25Z
Yalantis/uCrop;12120;10.22;20;Java;2225;321;2016-01-05T13:41:06Z;2026-03-25T16:06:56Z
PaperMC/Paper;12026;10.17;0;Java;3315;671;2016-01-22T05:40:19Z;2026-03-26T00:28:59Z
Tencent/matrix;11999;7.29;16;Java;1936;407;2018-12-11T07:08:02Z;2026-03-25T15:45:52Z
grpc/grpc-java;11996;11.29;189;Java;3977;508;2014-12-08T19:00:00Z;2026-03-26T00:08:50Z
provectus/kafka-ui;11981;6.33;25;Java;1378;347;2019-11-26T15:55:55Z;2026-03-26T02:05:22Z
Tencent/VasSonic;11880;8.65;10;Java;1619;44;2017-08-01T08:35:13Z;2026-03-25T16:07:28Z
OpenRefine/OpenRefine;11788;13.44;76;Java;2132;710;2012-10-15T02:22:48Z;2026-03-25T19:13:06Z
datahub-project/datahub;11718;10.35;135;Java;3405;822;2015-11-18T05:47:40Z;2026-03-26T01:43:40Z
frank-lam/fullstack-tutorial;11698;7.95;0;Java;2416;21;2018-04-13T01:50:10Z;2026-03-25T23:14:08Z
code4craft/webmagic;11696;12.92;33;Java;4151;367;2013-04-23T12:57:36Z;2026-03-24T02:14:18Z
jd-opensource/joyagent-jdgenie;11567;0.69;1;Java;1576;213;2025-07-16T02:59:53Z;2026-03-26T02:15:45Z
newbee-ltd/newbee-mall;11537;6.51;0;Java;2765;20;2019-09-21T03:56:04Z;2026-03-25T08:59:47Z
StarRocks/starrocks;11513;4.55;179;Java;2371;936;2021-09-04T02:29:35Z;2026-03-26T02:16:56Z
realm/realm-java;11489;13.93;0;Java;1754;396;2012-04-20T09:18:42Z;2026-03-20T04:58:46Z
careercup/CtCI-6th-Edition;11478;10.73;0;Java;4395;143;2015-07-02T06:28:46Z;2026-03-25T06:49:50Z
gyf-dev/ImmersionBar;11470;8.93;0;Java;1920;133;2017-04-19T05:10:09Z;2026-03-23T05:31:14Z
jhy/jsoup;11357;16.27;21;Java;2284;2;2009-12-19T01:29:58Z;2026-03-25T11:38:05Z
ssssssss-team/spider-flow;11318;5.99;2;Java;2178;23;2020-03-27T11:07:15Z;2026-03-26T01:23:10Z
mission-peace/interview;11309;11.68;0;Java;5159;174;2014-07-20T21:27:31Z;2026-03-25T02:13:02Z
apereo/cas;11302;14.54;313;Java;3958;4;2011-09-09T01:36:42Z;2026-03-26T00:26:16Z
langchain4j/langchain4j;11297;2.76;61;Java;2064;704;2023-06-20T15:30:29Z;2026-03-26T01:53:56Z
permissions-dispatcher/PermissionsDispatcher;11204;10.61;40;Java;1437;32;2015-08-15T21:41:05Z;2026-03-19T16:10:04Z
daniulive/SmarterStreaming;11165;10.0;0;Java;2763;7;2016-03-26T14:46:02Z;2026-03-25T08:31:03Z
lingochamp/FileDownloader;11125;10.26;65;Java;2209;193;2015-12-22T11:17:16Z;2026-03-25T21:50:12Z
H07000223/FlycoTabLayout;11113;10.38;4;Java;2419;370;2015-11-09T01:53:19Z;2026-03-24T10:16:58Z
apple/pkl;11105;2.18;20;Java;364;202;2024-01-19T17:28:45Z;2026-03-25T18:52:43Z
jwtk/jjwt;11054;11.53;9;Java;1383;49;2014-09-13T01:06:24Z;2026-03-25T19:54:17Z
jfeinstein10/SlidingMenu;11025;13.73;0;Java;4969;307;2012-06-30T05:14:23Z;2026-03-26T01:58:17Z
androidannotations/androidannotations;11009;14.21;0;Java;2324;50;2012-01-06T08:48:03Z;2026-03-20T05:00:31Z
asLody/VirtualApp;10949;9.72;0;Java;3018;169;2016-07-06T13:25:23Z;2026-03-24T12:34:05Z
square/javapoet;10859;13.14;0;Java;1387;142;2013-02-01T16:56:30Z;2026-03-25T16:41:10Z
clojure/clojure;10833;15.74;0;Java;1457;0;2010-06-29T20:03:33Z;2026-03-25T17:18:02Z
aosp-mirror/platform_frameworks_base;10823;17.42;0;Java;6479;8;2008-10-21T18:20:37Z;2026-03-25T07:47:50Z
TooTallNate/Java-WebSocket;10801;16.18;19;Java;2589;57;2010-01-20T23:33:04Z;2026-03-24T10:16:54Z
alibaba/vlayout;10762;9.07;34;Java;1788;194;2017-02-27T08:11:47Z;2026-03-25T16:07:23Z
zfile-dev/zfile;10710;6.6;67;Java;1961;55;2019-08-19T13:57:56Z;2026-03-26T00:32:20Z
iflytek/astron-agent;10676;0.51;12;Java;1122;41;2025-09-19T08:46:01Z;2026-03-26T02:20:32Z
android-async-http/android-async-http;10622;15.09;3;Java;4052;119;2011-02-20T03:25:07Z;2026-03-20T05:00:39Z
resilience4j/resilience4j;10604;10.81;36;Java;1449;274;2015-06-03T09:21:01Z;2026-03-25T10:11:34Z
jeasonlzy/okhttp-OkGo;10588;10.19;14;Java;2549;470;2016-01-15T10:35:24Z;2026-03-24T14:57:25Z
google/auto;10557;12.84;67;Java;1211;87;2013-05-22T21:41:56Z;2026-03-25T16:51:00Z
Activiti/Activiti;10519;13.53;2533;Java;6943;674;2012-09-13T11:34:43Z;2026-03-25T04:52:01Z
lipangit/JiaoZiVideoPlayer;10504;10.13;78;Java;2442;275;2016-02-06T11:04:24Z;2026-03-26T01:59:37Z
signalapp/Signal-Server;10458;12.29;0;Java;2442;10;2013-12-09T07:10:36Z;2026-03-26T01:22:14Z
tbruyelle/RxPermissions;10441;10.49;11;Java;1384;100;2015-09-29T13:55:09Z;2026-03-24T10:16:58Z
awsdocs/aws-doc-sdk-examples;10384;9.6;0;Java;5847;147;2016-08-18T19:06:57Z;2026-03-25T12:21:04Z
SonarSource/sonarqube;10364;15.22;70;Java;2172;1;2011-01-05T11:05:17Z;2026-03-25T20:15:32Z
JessYanCoding/MVPArms;10275;9.63;25;Java;2363;48;2016-08-06T08:49:56Z;2026-03-24T15:09:49Z
JingMatrix/LSPosed;10257;2.68;5;Java;647;41;2023-07-20T18:03:30Z;2026-03-26T01:03:02Z
ZCShou/GoGoGo;10120;4.31;8;Java;1158;12;2021-12-03T06:59:39Z;2026-03-26T00:58:50Z
JakeWharton/ViewPagerIndicator;10086;14.64;0;Java;3954;210;2011-08-04T17:13:44Z;2026-03-25T02:53:49Z
stanfordnlp/CoreNLP;10063;12.74;19;Java;2718;182;2013-06-27T21:13:49Z;2026-03-25T16:06:58Z
happydog-intj/JsBridge;9931;11.07;0;Java;2012;145;2015-02-26T12:10:58Z;2026-03-25T08:39:51Z
xuchengsheng/spring-reading;9929;2.52;0;Java;1257;36;2023-09-15T06:42:44Z;2026-03-25T14:45:35Z
wasabeef/glide-transformations;9912;11.21;0;Java;1405;57;2015-01-09T10:33:29Z;2026-03-25T03:26:14Z
googlesamples/easypermissions;9899;10.26;12;Java;1463;40;2015-12-22T18:05:53Z;2026-03-25T12:22:35Z
paascloud/paascloud-master;9886;8.02;0;Java;4259;105;2018-03-17T05:40:43Z;2026-03-23T14:06:32Z
hackware1993/MagicIndicator;9813;9.74;12;Java;1553;187;2016-06-26T08:20:43Z;2026-03-24T15:54:57Z
OpenFeign/feign;9787;12.74;49;Java;1938;236;2013-06-26T23:28:16Z;2026-03-23T11:12:03Z
HarlonWang/AVLoadingIndicatorView;9781;10.42;1;Java;1878;76;2015-10-24T20:18:33Z;2026-03-18T10:52:07Z
lihengming/spring-boot-api-project-seed;9714;8.75;4;Java;3750;112;2017-06-23T10:06:30Z;2026-03-25T07:57:57Z
spinnaker/spinnaker;9708;11.73;28;Java;1259;143;2014-07-02T19:02:36Z;2026-03-26T01:33:11Z
YoKeyword/Fragmentation;9708;10.08;30;Java;2102;191;2016-02-23T08:54:55Z;2026-03-11T03:12:12Z
apache/cassandra;9676;16.85;0;Java;3855;617;2009-05-21T02:10:09Z;2026-03-25T09:37:46Z
perwendel/spark;9664;14.89;0;Java;1568;260;2011-05-05T11:52:05Z;2026-03-20T03:33:06Z
koral--/android-gif-drawable;9661;13.15;63;Java;1789;33;2013-01-30T01:37:46Z;2026-03-25T22:37:30Z
react-native-camera/react-native-camera;9648;10.98;144;Java;3540;141;2015-04-01T00:54:40Z;2026-03-24T09:23:42Z
ksoichiro/Android-ObservableScrollView;9626;11.38;0;Java;2048;178;2014-11-08T14:45:20Z;2026-03-23T15:43:31Z
AutoMQ/automq;9624;2.6;81;Java;675;88;2023-08-17T07:50:13Z;2026-03-25T23:46:24Z
flyway/flyway;9620;13.28;290;Java;1605;241;2012-12-14T18:43:22Z;2026-03-25T19:26:31Z
bilibili/DanmakuFlameMaster;9613;12.62;5;Java;2113;262;2013-08-11T12:18:50Z;2026-03-25T12:53:33Z
seven332/EhViewer;9550;11.86;97;Java;944;198;2014-05-14T12:03:52Z;2026-03-26T01:04:52Z
MyCATApache/Mycat-Server;9544;11.3;7;Java;3824;952;2014-12-04T02:46:54Z;2026-03-25T02:10:10Z
liaohuqiu/android-Ultra-Pull-To-Refresh;9532;11.36;8;Java;2641;173;2014-11-13T03:13:10Z;2026-03-23T17:55:04Z
crossoverJie/cim;9490;7.85;9;Java;2875;41;2018-05-20T15:55:56Z;2026-03-25T08:24:37Z
umano/AndroidSlidingUpPanel;9484;12.82;8;Java;2242;299;2013-05-31T18:33:53Z;2026-03-15T02:59:23Z
spring-projects/spring-security;9474;14.2;249;Java;6249;1273;2012-01-10T21:50:57Z;2026-03-26T02:14:45Z
opendataloader-project/opendataloader-pdf;9427;0.87;51;Java;695;18;2025-05-13T05:48:02Z;2026-03-26T02:14:16Z
Justson/AgentWeb;9411;8.87;21;Java;1662;88;2017-05-12T07:45:56Z;2026-03-24T15:54:56Z
json-path/JsonPath;9394;15.16;12;Java;1715;432;2011-01-24T13:19:19Z;2026-03-25T23:07:25Z
pockethub/PocketHub;9380;14.54;1;Java;3423;134;2011-09-08T16:52:50Z;2026-03-18T11:31:33Z
huanghaibin-dev/CalendarView;9370;9.04;1;Java;1846;458;2017-03-11T07:16:09Z;2026-03-25T05:46:31Z
GcsSloop/AndroidNote;9339;10.22;0;Java;2145;52;2016-01-04T23:51:36Z;2026-03-24T15:09:46Z
android/testing-samples;9302;11.45;0;Java;3646;130;2014-10-11T03:51:27Z;2026-03-25T12:20:24Z
apache/jmeter;9291;15.83;10;Java;2273;939;2010-05-26T23:38:07Z;2026-03-25T18:11:14Z
apache/seatunnel;9202;8.64;53;Java;2203;443;2017-08-05T09:14:47Z;2026-03-26T01:36:55Z
cats-oss/android-gpuimage;9158;13.47;0;Java;2305;347;2012-10-04T08:11:58Z;2026-03-25T13:15:19Z
flowable/flowable-engine;9143;9.45;29;Java;2820;391;2016-10-13T07:21:43Z;2026-03-25T23:53:50Z
didi/VirtualAPK;9066;8.74;4;Java;1537;123;2017-06-29T07:25:05Z;2026-03-21T01:59:48Z
HMCL-dev/HMCL;9007;10.76;317;Java;847;421;2015-06-22T08:06:03Z;2026-03-26T00:17:51Z
KunMinX/Jetpack-MVVM-Best-Practice;8951;6.4;0;Java;1651;6;2019-10-31T05:21:01Z;2026-03-23T07:29:35Z
navasmdc/MaterialDesignLibrary;8944;11.48;3;Java;2201;254;2014-09-30T07:37:17Z;2026-03-25T16:07:12Z
alibaba/spring-ai-alibaba;8934;1.54;18;Java;1970;374;2024-09-09T01:35:50Z;2026-03-26T02:04:54Z
Freelander/Android_Data;8916;10.98;0;Java;2024;9;2015-04-04T01:37:44Z;2026-03-24T20:50:04Z
LSPosed/LSPatch;8908;5.07;9;Java;1071;12;2021-03-01T19:38:36Z;2026-03-26T00:50:41Z
java-native-access/jna;8907;14.9;0;Java;1682;119;2011-04-29T13:30:29Z;2026-03-24T23:53:56Z
checkstyle/checkstyle;8903;12.57;182;Java;4074;951;2013-08-31T02:05:05Z;2026-03-26T02:01:39Z
frohoff/ysoserial;8824;11.15;1;Java;1856;47;2015-01-28T07:13:55Z;2026-03-25T20:20:07Z
karatelabs/karate;8813;9.13;56;Java;2022;59;2017-02-07T15:59:17Z;2026-03-25T21:42:24Z
PojavLauncherTeam/PojavLauncher;8803;6.04;126;Java;1905;124;2020-03-11T03:22:54Z;2026-03-25T15:25:00Z
nathanmarz/storm;8789;14.52;0;Java;1651;41;2011-09-17T07:55:13Z;2026-03-23T12:03:22Z
apache/shenyu;8782;7.7;14;Java;3035;157;2018-07-11T08:17:45Z;2026-03-25T04:12:19Z
laobie/StatusBarUtil;8772;10.11;0;Java;1714;112;2016-02-15T03:06:06Z;2026-03-25T16:06:57Z
cabaletta/baritone;8759;7.65;85;Java;1807;939;2018-08-01T15:34:21Z;2026-03-25T15:49:22Z
Blankj/awesome-java-leetcode;8737;8.94;0;Java;1704;13;2017-04-17T15:51:41Z;2026-03-25T15:42:40Z
chrisbanes/Android-PullToRefresh;8665;14.32;0;Java;4650;29;2011-11-29T09:59:56Z;2026-03-20T05:00:36Z
apache/iceberg;8662;7.35;32;Java;3103;593;2018-11-19T16:26:46Z;2026-03-25T23:14:27Z
ybq/Android-SpinKit;8654;10.01;0;Java;1319;67;2016-03-20T08:40:51Z;2026-03-24T10:16:59Z
amitshekhariitbhu/Android-Debug-Database;8645;9.35;14;Java;881;82;2016-11-16T14:20:24Z;2026-03-24T20:50:00Z
react-native-image-picker/react-native-image-picker;8637;10.8;142;Java;2086;336;2015-06-08T20:25:31Z;2026-03-26T00:41:39Z
shwenzhang/AndResGuard;8634;10.45;4;Java;1550;166;2015-10-11T11:48:06Z;2026-03-24T15:09:45Z
testcontainers/testcontainers-java;8615;10.95;91;Java;1812;625;2015-04-12T12:44:59Z;2026-03-26T01:44:16Z
dropwizard/dropwizard;8603;15.18;192;Java;3419;44;2011-01-19T19:52:29Z;2026-03-25T21:53:29Z
airbnb/epoxy;8571;9.63;78;Java;734;312;2016-08-08T23:05:11Z;2026-03-25T18:33:22Z
facebook/buck;8562;12.94;57;Java;1133;226;2013-04-17T18:12:18Z;2026-03-19T17:49:48Z
google/tsunami-security-scanner;8555;5.81;1;Java;917;6;2020-06-03T16:20:00Z;2026-03-24T20:48:13Z
junit-team/junit4;8554;17.19;13;Java;3278;0;2009-01-13T03:41:26Z;2026-03-26T02:01:37Z
chrisjenx/Calligraphy;8545;12.26;4;Java;1084;94;2013-12-20T02:35:45Z;2026-03-25T16:07:03Z
aeron-io/aeron;8531;12.13;139;Java;1016;16;2014-02-07T17:16:58Z;2026-03-26T01:34:10Z
apache/beam;8526;10.14;57;Java;4522;4117;2016-02-02T08:00:06Z;2026-03-26T00:49:18Z
DImuthuUpe/AndroidPdfViewer;8463;9.81;0;Java;2138;744;2016-06-02T20:21:21Z;2026-03-25T16:07:03Z
wildfirechat/im-server;8461;7.17;115;Java;1897;14;2019-01-23T15:21:28Z;2026-03-25T08:12:46Z
hs-web/hsweb-framework;8405;10.18;32;Java;3036;8;2016-01-18T03:51:39Z;2026-03-25T08:08:02Z
roughike/BottomBar;8386;10.03;4;Java;1484;275;2016-03-16T01:31:05Z;2026-03-18T11:07:40Z
pentaho/pentaho-kettle;8322;12.46;1;Java;3585;59;2013-10-08T18:27:11Z;2026-03-26T01:44:45Z
spring-projects/spring-ai;8306;2.74;16;Java;2391;1262;2023-06-27T18:57:29Z;2026-03-26T00:50:20Z
bytedeco/javacv;8305;11.93;14;Java;1617;463;2014-04-21T13:50:26Z;2026-03-23T17:24:14Z
alibaba/transmittable-thread-local;8271;12.45;58;Java;1726;55;2013-10-13T08:48:33Z;2026-03-19T17:46:49Z
aritraroy/UltimateAndroidReference;8261;8.96;0;Java;1280;13;2017-04-10T07:28:27Z;2026-03-25T16:07:25Z
apache/shardingsphere-elasticjob;8221;10.54;31;Java;3259;124;2015-09-11T11:28:52Z;2026-03-21T09:04:05Z
krahets/LeetCode-Book;8189;4.27;0;Java;883;6;2021-12-17T14:16:02Z;2026-03-25T16:50:18Z
alibaba/atlas;8170;9.07;7;Java;1469;89;2017-02-28T06:31:43Z;2026-03-24T10:17:02Z
alibaba/otter;8133;12.62;10;Java;2476;334;2013-08-09T09:31:22Z;2026-03-19T11:30:13Z
apache/tomcat;8128;14.48;0;Java;5359;26;2011-10-01T07:00:19Z;2026-03-25T13:48:22Z
florent37/MaterialViewPager;8106;10.92;11;Java;1469;183;2015-04-24T17:53:15Z;2026-03-20T04:59:26Z
guolindev/LitePal;8085;13.09;0;Java;1587;99;2013-02-20T03:20:07Z;2026-03-24T10:16:55Z
LaurieWired/GhidraMCP;8043;1.0;5;Java;738;69;2025-03-23T05:36:55Z;2026-03-26T01:23:46Z
junixapp/XPopup;8022;7.3;221;Java;1211;171;2018-12-07T06:16:48Z;2026-03-25T02:36:17Z
davemorrissey/subsampling-scale-image-view;8009;12.58;21;Java;1231;49;2013-08-26T16:45:25Z;2026-03-25T22:31:53Z
Graylog2/graylog2-server;7987;15.85;0;Java;1099;1996;2010-05-17T21:27:02Z;2026-03-25T19:46:59Z
gunnarmorling/1brc;7987;2.24;0;Java;2212;41;2023-12-28T09:13:24Z;2026-03-25T23:06:30Z
Netflix/SimianArmy;7984;13.72;4;Java;1123;43;2012-07-06T22:00:05Z;2026-03-23T18:37:01Z
JakeWharton/hugo;7913;12.33;0;Java;794;60;2013-11-25T09:16:40Z;2026-03-25T12:22:10Z
jeecgboot/jimureport;7892;6.3;33;Java;1841;15;2019-12-05T12:25:59Z;2026-03-25T07:28:24Z
dropwizard/metrics;7851;16.07;142;Java;1794;32;2010-02-26T19:44:42Z;2026-03-23T01:12:46Z
exadel-inc/CompreFace;7850;5.72;11;Java;1078;233;2020-07-06T08:29:43Z;2026-03-26T01:23:12Z
HannahMitt/HomeMirror;7831;10.59;0;Java;655;37;2015-08-23T03:20:08Z;2026-03-25T16:06:49Z
lecho/hellocharts-android;7796;11.45;14;Java;1603;293;2014-10-12T09:12:37Z;2026-03-23T05:29:36Z
ChrisRM/material-theme-jetbrains;7769;10.5;17;Java;444;0;2015-09-23T07:15:04Z;2026-03-24T18:15:19Z
AntennaPod/AntennaPod;7752;13.65;65;Java;1651;321;2012-07-31T10:25:08Z;2026-03-25T14:33:26Z
Tencent/Shadow;7743;6.78;5;Java;1346;66;2019-06-13T10:50:27Z;2026-03-25T13:05:15Z
PowerJob/PowerJob;7716;6.02;51;Java;1369;326;2020-03-16T09:19:55Z;2026-03-24T01:37:33Z
goldze/MVVMHabit;7710;8.68;3;Java;1698;23;2017-07-21T10:38:40Z;2026-03-23T16:51:59Z
MuntashirAkon/AppManager;7690;5.82;76;Java;435;201;2020-05-30T04:08:56Z;2026-03-26T01:04:46Z
trello-archive/RxLifecycle;7670;10.68;22;Java;637;4;2015-07-20T13:32:23Z;2026-03-24T15:43:55Z
vipshop/vjtools;7656;7.82;9;Java;1517;56;2018-05-29T09:07:08Z;2026-03-21T19:48:47Z
mapstruct/mapstruct;7633;13.82;36;Java;1013;499;2012-05-28T12:42:42Z;2026-03-25T16:51:19Z
gedoor/MyBookshelf;7624;7.78;165;Java;1802;226;2018-06-12T03:48:07Z;2026-03-24T08:54:23Z
FongMi/TV;7621;3.76;0;Java;2317;2;2022-06-22T09:10:23Z;2026-03-26T01:23:06Z
google/android-classyshark;7597;10.45;17;Java;874;41;2015-10-12T13:40:48Z;2026-03-24T15:43:53Z
MinecraftForge/MinecraftForge;7563;14.15;0;Java;2795;188;2012-01-30T01:35:01Z;2026-03-26T01:35:14Z
koush/AndroidAsync;7550;13.58;0;Java;1550;355;2012-08-24T07:27:04Z;2026-03-25T14:22:58Z
kaushikgopal/RxJava-Android-Samples;7529;11.67;0;Java;1365;10;2014-07-23T05:13:52Z;2026-03-13T18:48:22Z
kevin-wayne/algs4;7524;10.57;0;Java;2676;25;2015-08-31T09:28:49Z;2026-03-24T23:04:58Z
swagger-api/swagger-core;7521;14.72;129;Java;2248;216;2011-07-05T23:44:11Z;2026-03-25T06:07:36Z
Genymobile/gnirehtet;7501;9.12;12;Java;692;320;2017-02-09T16:01:13Z;2026-03-25T14:48:40Z
yuanguangxin/LeetCode;7492;6.2;0;Java;1869;0;2020-01-11T01:02:02Z;2026-03-24T09:37:37Z
dependency-check/DependencyCheck;7466;13.56;91;Java;1394;217;2012-09-03T20:43:30Z;2026-03-25T23:05:04Z
enso-org/enso;7437;9.27;706;Java;337;617;2016-12-16T17:23:37Z;2026-03-25T16:18:43Z
lenve/VBlog;7434;8.24;0;Java;2903;68;2017-12-26T11:01:55Z;2026-03-24T16:30:20Z
dyc87112/SpringCloud-Learning;7395;9.59;0;Java;2869;23;2016-08-21T03:39:52Z;2026-03-23T14:27:53Z
abel533/Mapper;7386;11.34;11;Java;1611;251;2014-11-21T11:02:10Z;2026-03-25T16:45:59Z
gocd/gocd;7383;12.28;87;Java;980;76;2013-12-13T05:26:16Z;2026-03-26T02:15:07Z
iflytek/astron-rpa;7355;0.51;5;Java;808;22;2025-09-20T08:51:40Z;2026-03-26T01:48:03Z
Qihoo360/RePlugin;7349;8.79;19;Java;1556;349;2017-06-08T09:39:09Z;2026-03-24T15:54:54Z
leolin310148/ShortcutBadger;7341;12.36;0;Java;1347;192;2013-11-15T12:51:52Z;2026-03-24T10:16:56Z
square/dagger;7310;13.64;0;Java;3088;63;2012-08-02T23:25:32Z;2026-03-20T07:47:41Z
Bearded-Hen/Android-Bootstrap;7255;12.39;5;Java;1407;31;2013-11-01T15:36:17Z;2026-03-25T16:07:02Z
zhongyi-tong/WeChatLuckyMoney;7245;10.48;20;Java;2201;23;2015-09-30T16:11:20Z;2026-03-20T04:55:52Z
Exrick/xmall;7245;8.66;0;Java;2544;45;2017-07-28T01:49:49Z;2026-03-25T16:53:36Z
crazycodeboy/TakePhoto;7239;10.64;15;Java;1498;423;2015-08-04T02:05:32Z;2026-03-24T15:09:41Z
pedant/sweet-alert-dialog;7234;11.43;2;Java;1919;161;2014-10-19T09:24:09Z;2026-03-23T15:43:41Z
NanoHttpd/nanohttpd;7212;13.62;3;Java;1725;202;2012-08-10T21:52:42Z;2026-03-24T15:43:51Z
cymcsg/UltimateRecyclerView;7195;11.15;9;Java;1416;181;2015-01-28T02:27:45Z;2026-03-19T02:22:57Z
didi/KnowStreaming;7178;6.02;23;Java;1296;153;2020-03-19T05:13:51Z;2026-03-25T06:12:53Z
wiremock/wiremock;7178;14.46;52;Java;1497;475;2011-10-09T20:27:24Z;2026-03-25T14:09:08Z
Alluxio/alluxio;7174;13.26;61;Java;2949;1039;2012-12-21T17:43:46Z;2026-03-25T23:50:09Z
google/error-prone;7149;11.59;64;Java;787;475;2014-08-21T23:26:50Z;2026-03-26T00:22:05Z
apache/hertzbeat;7137;4.13;7;Java;1261;318;2022-02-04T14:48:56Z;2026-03-25T15:26:48Z
google/agera;7134;10.27;16;Java;630;6;2015-12-17T13:22:58Z;2026-03-25T16:06:55Z
rest-assured/rest-assured;7126;15.43;0;Java;1928;588;2010-10-21T08:35:43Z;2026-03-25T09:27:16Z
h2pl/JavaTutorial;7118;7.9;1;Java;1618;9;2018-05-01T15:57:21Z;2026-03-25T17:43:36Z
traccar/traccar;7116;13.94;69;Java;3179;516;2012-04-16T08:33:49Z;2026-03-25T20:35:45Z
ogaclejapan/SmartTabLayout;7084;11.11;0;Java;1329;125;2015-02-14T11:25:51Z;2026-03-25T16:06:42Z
JakeWharton/ActionBarSherlock;7072;15.05;32;Java;3477;91;2011-03-07T17:28:54Z;2026-03-20T05:00:38Z
CoderLeixiaoshuai/java-eight-part;7065;5.44;0;Java;1058;11;2020-10-16T16:27:04Z;2026-03-26T00:28:47Z
Col-E/Recaf;7063;8.66;170;Java;518;98;2017-07-27T06:01:10Z;2026-03-25T10:17:18Z
naman14/Timber;7051;10.78;5;Java;2145;215;2015-06-12T16:43:55Z;2026-03-20T06:30:03Z
mrniko/netty-socketio;7025;14.2;19;Java;1673;437;2012-01-12T11:43:49Z;2026-03-24T03:43:22Z
NLPchina/elasticsearch-sql;7024;11.58;302;Java;1533;332;2014-08-24T14:26:31Z;2026-03-25T02:51:20Z
junit-team/junit-framework;6991;11.2;107;Java;1663;119;2015-01-11T19:06:10Z;2026-03-25T17:22:57Z
DroidPluginTeam/DroidPlugin;6976;10.58;2;Java;2499;228;2015-08-27T11:14:57Z;2026-03-23T09:35:24Z
alibaba/jvm-sandbox;6961;8.64;13;Java;1588;46;2017-08-03T02:55:31Z;2026-03-25T14:31:08Z
macrozheng/springcloud-learning;6915;6.55;0;Java;2825;0;2019-09-07T02:36:16Z;2026-03-25T03:19:27Z
logisim-evolution/logisim-evolution;6913;11.51;32;Java;911;220;2014-09-19T05:23:24Z;2026-03-25T19:04:50Z
rabbitmq/rabbitmq-tutorials;6873;15.51;0;Java;3564;4;2010-09-21T11:41:26Z;2026-03-25T15:51:24Z
smuyyh/BookReader;6873;9.64;0;Java;1890;40;2016-08-03T05:17:27Z;2026-03-25T05:15:03Z
Meituan-Dianping/walle;6866;9.2;1;Java;1088;108;2017-01-10T03:39:25Z;2026-03-25T02:31:01Z
getActivity/AndroidProject;6865;7.42;18;Java;1412;1;2018-10-23T10:30:55Z;2026-03-23T05:30:35Z
hongyangAndroid/okhttputils;6857;10.6;0;Java;2377;217;2015-08-17T14:53:29Z;2026-03-17T16:11:03Z
vespa-engine/vespa;6833;9.81;269;Java;700;251;2016-06-03T20:54:20Z;2026-03-25T20:59:47Z
guardianproject/haven;6797;9.07;37;Java;747;145;2017-03-01T03:20:03Z;2026-03-25T16:07:23Z
zo0r/react-native-push-notification;6792;10.28;35;Java;2017;159;2015-12-14T19:53:36Z;2026-03-21T09:00:42Z
raphw/byte-buddy;6788;12.33;312;Java;845;32;2013-11-25T19:38:03Z;2026-03-25T20:51:24Z
Angel-ML/angel;6785;8.91;20;Java;1591;136;2017-04-25T05:57:43Z;2026-03-24T05:11:52Z
fuzhengwei/itstack-demo-design;6779;5.85;0;Java;1979;35;2020-05-20T13:45:30Z;2026-03-24T08:31:39Z
527515025/springBoot;6773;9.38;0;Java;3159;87;2016-11-07T02:13:31Z;2026-03-25T10:59:08Z
gzu-liyujiang/AndroidPicker;6773;10.43;58;Java;1500;195;2015-10-21T14:21:16Z;2026-03-23T11:18:16Z
CeuiLiSA/Pixiv-Shaft;6766;6.98;122;Java;227;159;2019-04-01T09:59:09Z;2026-03-25T19:14:33Z
Meituan-Dianping/Leaf;6735;7.29;0;Java;1875;95;2018-12-11T07:41:35Z;2026-03-25T09:16:35Z
markzhai/AndroidPerformanceMonitor;6733;10.18;0;Java;1019;57;2016-01-17T05:23:22Z;2026-03-25T05:37:48Z
648540858/wvp-GB28181-pro;6732;5.36;2;Java;1900;45;2020-11-14T14:16:37Z;2026-03-26T01:21:01Z
quartz-scheduler/quartz;6709;10.05;8;Java;1996;72;2016-03-07T14:05:37Z;2026-03-25T12:15:19Z
zouzg/mybatis-generator-gui;6708;9.88;16;Java;2519;120;2016-05-08T22:39:39Z;2026-03-25T07:15:57Z
getActivity/XXPermissions;6708;7.78;74;Java;891;4;2018-06-15T14:31:29Z;2026-03-23T01:42:55Z
hongyangAndroid/AndroidAutoLayout;6692;10.35;0;Java;1888;132;2015-11-19T02:09:11Z;2026-03-25T05:42:27Z
jOOQ/jOOQ;6686;14.94;121;Java;1226;2129;2011-04-17T10:43:33Z;2026-03-25T16:01:37Z
Suwayomi/Suwayomi-Server;6679;5.25;58;Java;354;150;2020-12-23T20:31:38Z;2026-03-25T21:51:38Z
apache/storm;6674;12.38;8;Java;4050;40;2013-11-05T08:00:14Z;2026-03-25T00:17:03Z
yanzhenjie/AndPermission;6648;9.53;0;Java;1100;176;2016-09-11T05:17:34Z;2026-03-25T03:26:15Z
JesusFreke/smali;6614;13.5;0;Java;1111;144;2012-09-23T19:51:16Z;2026-03-25T09:34:34Z
apache/zeppelin;6607;11.0;0;Java;2818;99;2015-03-25T07:00:06Z;2026-03-20T23:14:04Z
hazelcast/hazelcast;6604;14.01;201;Java;1872;1098;2012-03-21T12:25:18Z;2026-03-25T18:50:58Z
pig-mesh/pig;6598;6.58;20;Java;1076;285;2019-08-26T03:24:53Z;2026-03-26T00:18:55Z
GrenderG/Toasty;6594;9.18;19;Java;800;50;2017-01-18T18:52:41Z;2026-03-24T15:43:45Z
NLPchina/ansj_seg;6545;13.55;3;Java;2289;54;2012-09-05T05:56:24Z;2026-03-22T08:59:51Z
ximsfei/Android-skin-support;6521;9.2;0;Java;1100;103;2017-01-12T15:03:54Z;2026-03-25T10:47:27Z
processing/processing;6497;13.16;48;Java;1477;495;2013-01-24T21:17:22Z;2026-03-25T00:57:52Z
nayuki/QR-Code-generator;6486;9.94;5;Java;1252;12;2016-04-15T02:19:41Z;2026-03-25T16:09:21Z
hibernate/hibernate-orm;6462;15.47;166;Java;3740;127;2010-10-04T16:15:52Z;2026-03-25T20:22:53Z
ArthurHub/Android-Image-Cropper;6430;11.19;32;Java;1370;362;2015-01-15T10:49:37Z;2026-03-25T16:06:41Z
wxiaoqi/Spring-Cloud-Platform;6430;8.83;3;Java;2366;15;2017-05-25T10:35:26Z;2026-03-25T16:49:38Z
vinc3m1/RoundedImageView;6420;13.09;19;Java;1242;0;2013-02-22T01:17:37Z;2026-03-19T14:36:33Z
freeok/so-novel;6417;3.84;53;Java;511;18;2022-05-23T15:49:36Z;2026-03-25T15:40:36Z
jetlinks/jetlinks-community;6414;6.23;21;Java;1869;49;2020-01-02T07:27:34Z;2026-03-24T13:57:39Z
gephi/gephi;6410;14.42;19;Java;1599;514;2011-10-22T03:14:46Z;2026-03-25T13:10:18Z
Javen205/IJPay;6410;8.9;24;Java;1480;15;2017-05-02T03:15:32Z;2026-03-25T17:13:30Z
AsyncHttpClient/async-http-client;6408;15.05;11;Java;1593;99;2011-03-07T13:41:46Z;2026-03-25T22:08:19Z
micronaut-projects/micronaut-core;6395;8.05;351;Java;1171;792;2018-03-07T12:05:08Z;2026-03-25T22:09:48Z
aa112901/remusic;6384;10.0;0;Java;1922;89;2016-03-24T06:20:39Z;2026-03-23T08:39:13Z
apache/flink-cdc;6381;5.66;23;Java;2134;55;2020-07-27T19:23:33Z;2026-03-26T01:57:45Z
graphhopper/graphhopper;6370;14.1;46;Java;1895;256;2012-02-18T19:57:38Z;2026-03-26T02:03:43Z
joelittlejohn/jsonschema2pojo;6369;12.76;67;Java;1672;236;2013-06-22T22:28:53Z;2026-03-24T07:44:41Z
haifengl/smile;6357;11.34;42;Java;1146;6;2014-11-20T16:28:12Z;2026-03-25T00:11:37Z
DerekYRC/mini-spring;6356;5.35;1;Java;1450;32;2020-11-17T11:59:18Z;2026-03-25T12:02:26Z
wasabeef/richeditor-android;6348;10.99;0;Java;1208;223;2015-03-30T16:19:20Z;2026-03-25T12:20:13Z
sshahine/JFoenix;6347;10.54;0;Java;1050;133;2015-09-08T14:04:24Z;2026-03-21T13:19:47Z
amitshekhariitbhu/from-java-to-kotlin;6337;8.84;0;Java;785;10;2017-05-21T11:56:27Z;2026-03-26T01:10:55Z
apache/iotdb;6302;7.33;51;Java;1128;643;2018-11-24T21:29:17Z;2026-03-26T01:41:15Z
lightbend/config;6296;14.3;4;Java;979;240;2011-12-06T08:02:29Z;2026-03-25T14:08:05Z
koush/ion;6264;12.84;0;Java;1027;337;2013-05-22T07:41:23Z;2026-03-25T14:20:37Z
graphql-java/graphql-java;6235;10.72;101;Java;1148;55;2015-07-06T06:52:20Z;2026-03-23T01:39:20Z
apache/incubator-kie-drools;6230;15.1;6;Java;2580;95;2011-02-18T08:37:05Z;2026-03-25T00:47:05Z
ityouknow/spring-cloud-examples;6217;8.91;0;Java;3066;5;2017-04-28T08:48:53Z;2026-03-20T07:08:09Z
auth0/java-jwt;6206;12.05;46;Java;948;17;2014-03-07T15:06:11Z;2026-03-26T02:09:20Z
google/grafika;6160;12.26;1;Java;1478;64;2013-12-19T18:36:53Z;2026-03-25T14:19:42Z
apache/camel;6156;16.85;0;Java;5098;40;2009-05-21T00:25:36Z;2026-03-25T14:23:42Z
Vedenin/useful-java-links;6152;10.11;0;Java;1203;18;2016-02-13T13:14:52Z;2026-03-25T10:37:46Z
alipay/SoloPi;6149;7.03;8;Java;1247;136;2019-03-14T15:32:49Z;2026-03-25T02:46:54Z
loks666/get_jobs;6138;2.05;3;Java;780;5;2024-03-07T21:34:58Z;2026-03-26T02:18:54Z
LandGrey/SpringBootVulExploit;6126;5.85;0;Java;1320;5;2020-05-20T09:18:44Z;2026-03-24T12:14:10Z
obsidiandynamics/kafdrop;6126;6.83;50;Java;893;45;2019-05-27T08:46:56Z;2026-03-24T13:46:09Z
vavr-io/vavr;6126;12.15;22;Java;660;87;2014-01-30T14:07:25Z;2026-03-25T13:15:36Z
apache/hudi;6122;9.28;33;Java;2470;4012;2016-12-14T15:53:41Z;2026-03-25T19:15:01Z
ikew0ng/SwipeBackLayout;6105;12.58;0;Java;1395;120;2013-08-25T03:36:12Z;2026-03-16T08:21:11Z
rengwuxian/MaterialEditText;6099;11.4;19;Java;1038;195;2014-10-30T10:07:23Z;2026-03-23T17:56:01Z
google/google-java-format;6098;10.87;43;Java;917;164;2015-05-11T20:38:28Z;2026-03-25T17:20:26Z
daimajia/NumberProgressBar;6096;11.9;3;Java;1393;29;2014-05-01T08:54:25Z;2026-03-25T22:34:07Z
javaparser/javaparser;6064;14.4;57;Java;1225;458;2011-10-30T14:03:44Z;2026-03-25T17:31:01Z
apache/pinot;6049;11.85;21;Java;1459;1775;2014-05-19T23:27:48Z;2026-03-26T00:45:07Z
google/j2objc;6045;12.15;1;Java;999;101;2014-01-30T20:19:56Z;2026-03-25T20:07:29Z
ZhongFuCheng3y/austin;6045;4.38;0;Java;1457;3;2021-11-06T09:36:01Z;2026-03-24T04:49:08Z
singwhatiwanna/dynamic-load-apk;6026;11.99;0;Java;1981;95;2014-03-30T11:51:00Z;2026-03-25T16:07:05Z
apache/nifi;6025;11.28;0;Java;2938;34;2014-12-12T08:00:05Z;2026-03-25T19:57:26Z
apache/hive;6017;16.84;0;Java;4791;61;2009-05-21T02:31:01Z;2026-03-25T19:37:23Z
pedrovgs/EffectiveAndroidUI;6014;11.72;0;Java;1189;5;2014-07-04T08:42:20Z;2026-03-20T04:57:56Z
robolectric/robolectric;6000;15.58;111;Java;1380;477;2010-08-28T00:28:25Z;2026-03-25T00:58:23Z
jeequan/jeepay;5999;8.62;0;Java;1937;42;2017-08-12T02:40:32Z;2026-03-25T13:58:58Z
opengoofy/hippo4j;5993;4.77;18;Java;1240;141;2021-06-16T02:59:48Z;2026-03-25T08:23:28Z
WeiYe-Jing/datax-web;5990;6.35;5;Java;2249;317;2019-11-19T01:09:05Z;2026-03-25T18:16:40Z
btraceio/btrace;5987;11.57;33;Java;960;13;2014-08-28T18:58:24Z;2026-03-24T07:49:45Z
google/physical-web;5981;11.48;17;Java;651;93;2014-09-30T18:32:14Z;2026-03-13T18:49:35Z
rey5137/material;5967;11.29;10;Java;1300;214;2014-12-09T12:07:32Z;2026-03-22T22:38:49Z
00-Evan/shattered-pixel-dungeon;5966;11.65;53;Java;1415;1;2014-07-31T21:56:31Z;2026-03-26T00:37:55Z
youtube/api-samples;5960;12.29;0;Java;3055;409;2013-12-09T18:41:41Z;2026-03-25T21:08:46Z
wyouflf/xUtils3;5959;10.41;9;Java;1964;38;2015-10-28T10:56:04Z;2026-03-16T08:31:24Z
liyifeng1994/ssm;5939;9.77;0;Java;2715;44;2016-06-18T17:58:56Z;2026-03-18T05:28:57Z
springfox/springfox;5938;13.88;12;Java;1519;265;2012-05-06T06:38:57Z;2026-03-21T19:48:23Z
JSQLParser/JSqlParser;5936;14.75;37;Java;1418;76;2011-06-23T22:51:52Z;2026-03-25T13:44:24Z
journeyapps/zxing-android-embedded;5935;13.32;9;Java;1292;124;2012-11-28T16:36:39Z;2026-03-25T15:13:12Z
prolificinteractive/material-calendarview;5930;11.12;22;Java;1301;252;2015-02-09T22:31:56Z;2026-03-25T12:23:15Z
antoniolg/androidmvp;5910;11.98;0;Java;1556;4;2014-04-02T05:42:20Z;2026-03-18T11:51:27Z
weibocom/motan;5908;9.93;28;Java;1755;366;2016-04-20T10:56:17Z;2026-03-22T03:54:30Z
Archmage83/tvapk;5904;5.65;0;Java;567;15;2020-07-29T08:04:37Z;2026-03-25T12:22:34Z
apache/fesod;5895;1.47;7;Java;489;128;2024-10-05T11:42:50Z;2026-03-25T11:08:05Z
amitshekhariitbhu/Fast-Android-Networking;5890;10.01;10;Java;973;232;2016-03-21T18:35:44Z;2026-03-24T20:49:33Z
lets-blade/blade;5884;10.79;9;Java;1162;14;2015-06-10T03:35:49Z;2026-03-22T23:47:18Z
JakeWharton/DiskLruCache;5866;14.22;0;Java;1170;23;2012-01-05T00:36:34Z;2026-03-25T11:38:40Z
ikarus23/MifareClassicTool;5858;13.11;10;Java;990;35;2013-02-12T15:39:03Z;2026-03-25T13:42:23Z
ffay/lanproxy;5857;9.34;1;Java;1555;143;2016-11-20T08:12:10Z;2026-03-20T02:02:43Z
PBH-BTN/PeerBanHelper;5854;2.13;190;Java;140;13;2024-02-07T14:35:16Z;2026-03-26T01:53:10Z
meefik/linuxdeploy;5794;13.59;37;Java;724;736;2012-08-21T04:49:14Z;2026-03-24T12:44:47Z
Nightonke/BoomMenu;5793;10.02;0;Java;1139;121;2016-03-19T12:04:12Z;2026-03-25T16:06:59Z
yarolegovich/DiscreteScrollView;5786;9.06;2;Java;784;44;2017-03-03T23:38:54Z;2026-03-25T16:07:24Z
changmingxie/tcc-transaction;5776;10.3;8;Java;2769;33;2015-12-05T04:27:53Z;2026-03-21T19:47:24Z
Nepxion/Discovery;5774;7.76;132;Java;1421;14;2018-06-21T16:16:49Z;2026-03-24T02:43:08Z
dmytrodanylyk/circular-progress-button;5757;11.8;3;Java;1170;23;2014-06-07T12:58:48Z;2026-03-23T17:56:00Z
strimzi/strimzi-kafka-operator;5752;9.88;170;Java;1467;142;2016-05-06T08:52:33Z;2026-03-25T15:44:52Z
houbb/sensitive-word;5750;6.21;2;Java;781;9;2020-01-07T03:10:44Z;2026-03-25T20:26:37Z
JanusGraph/janusgraph;5747;9.24;28;Java;1207;582;2016-12-26T13:26:29Z;2026-03-25T09:25:01Z
k0shk0sh/FastHub;5735;9.1;63;Java;931;343;2017-02-18T17:53:16Z;2026-03-25T12:37:33Z
dromara/lamp-cloud;5731;8.18;0;Java;1752;5;2018-01-17T02:51:04Z;2026-03-25T16:46:41Z
jagrosh/MusicBot;5730;9.61;38;Java;2780;220;2016-08-14T18:46:29Z;2026-03-25T16:06:46Z
redis/lettuce;5729;11.87;146;Java;1072;234;2014-05-10T13:08:46Z;2026-03-26T02:09:28Z
yanzhenjie/SwipeRecyclerView;5719;9.64;0;Java;1095;117;2016-08-03T15:43:34Z;2026-03-24T10:17:00Z
ZHENFENG13/spring-boot-projects;5719;8.98;0;Java;1628;2;2017-04-01T01:50:14Z;2026-03-26T02:02:54Z
ddd-by-examples/library;5711;7.2;0;Java;815;23;2019-01-11T09:14:03Z;2026-03-24T09:20:36Z
jpush/aurora-imui;5709;9.28;42;Java;995;135;2016-12-13T05:24:01Z;2026-03-20T16:14:06Z
Devlight/InfiniteCycleViewPager;5704;9.59;2;Java;823;57;2016-08-22T08:04:39Z;2026-03-18T12:26:53Z
201206030/novel;5673;6.37;12;Java;1456;25;2019-11-11T01:13:52Z;2026-03-25T18:07:28Z
crazycodeboy/react-native-splash-screen;5667;9.52;12;Java;1105;412;2016-09-14T10:43:55Z;2026-03-17T06:22:10Z
springside/springside4;5666;14.08;3;Java;2862;72;2012-02-23T08:39:03Z;2026-03-21T19:49:18Z
ElderDrivers/EdXposed;5665;7.18;27;Java;648;55;2019-01-18T16:18:19Z;2026-03-24T20:29:52Z
JakeWharton/u2020;5662;12.36;0;Java;916;14;2013-11-14T11:58:23Z;2026-03-25T09:24:59Z
wasabeef/Blurry;5660;10.67;0;Java;608;86;2015-07-23T14:12:08Z;2026-03-25T16:06:48Z
hanks-zyh/HTextView;5657;10.26;0;Java;816;44;2015-12-19T16:34:59Z;2026-03-19T03:09:17Z
microsoft/typespec;5646;4.73;453;Java;349;1095;2021-06-30T23:29:49Z;2026-03-25T23:56:36Z
daimajia/AndroidImageSlider;5620;11.81;5;Java;1634;310;2014-06-02T06:04:17Z;2026-03-16T19:22:59Z
TommyLemon/Android-ZBLibrary;5606;10.6;25;Java;1377;13;2015-08-20T16:03:53Z;2026-03-21T04:42:41Z
osmandapp/OsmAnd;5604;15.19;1;Java;1135;3322;2011-01-15T19:59:44Z;2026-03-25T15:45:32Z
hongyangAndroid/FlowLayout;5587;10.57;0;Java;1166;115;2015-08-28T09:32:31Z;2026-03-15T20:21:58Z
baidu/uid-generator;5581;8.99;0;Java;1564;42;2017-03-27T04:03:43Z;2026-03-25T03:07:04Z
apache/hbase;5580;11.84;50;Java;3393;361;2014-05-23T07:00:07Z;2026-03-25T07:16:12Z
alibaba/jetcache;5572;8.95;67;Java;1086;431;2017-04-12T07:48:23Z;2026-03-24T12:20:25Z
hneemann/Digital;5562;9.74;35;Java;560;185;2016-06-28T17:40:16Z;2026-03-25T11:45:24Z
amlcurran/ShowcaseView;5562;13.61;13;Java;1271;95;2012-08-14T19:07:36Z;2026-03-25T16:06:55Z
mik3y/usb-serial-for-android;5561;12.73;34;Java;1679;30;2013-06-30T23:17:45Z;2026-03-24T08:46:44Z
alibaba/QLExpress;5554;9.03;25;Java;1207;76;2017-03-15T08:39:54Z;2026-03-25T14:13:46Z
SuperMonster003/AutoJs6;5541;4.31;21;Java;1590;299;2021-12-01T05:27:22Z;2026-03-26T01:08:50Z
nhaarman/ListViewAnimations;5539;13.02;14;Java;1629;87;2013-03-19T11:59:23Z;2026-03-17T07:11:58Z
knightliao/disconf;5534;11.82;12;Java;2268;204;2014-05-30T09:39:27Z;2026-03-22T05:47:29Z
wuhaoyu1990/MagicCamera;5515;10.21;0;Java;1623;100;2016-01-08T11:36:56Z;2026-03-25T16:06:56Z
danikula/AndroidVideoCache;5515;10.98;20;Java;1177;156;2015-04-01T11:25:52Z;2026-03-20T04:56:44Z
CaffeineMC/sodium;5510;6.14;40;Java;906;164;2020-02-01T03:04:09Z;2026-03-25T21:11:32Z
cinit/QAuxiliary;5497;4.15;49;Java;400;271;2022-01-29T06:12:36Z;2026-03-26T01:00:42Z
jindrapetrik/jpexs-decompiler;5489;11.87;180;Java;752;0;2014-05-10T17:20:56Z;2026-03-24T21:40:09Z
GeyserMC/Geyser;5482;6.71;0;Java;817;255;2019-07-08T17:23:17Z;2026-03-25T22:12:07Z
emilsjolander/StickyListHeaders;5482;14.04;16;Java;1495;161;2012-03-11T18:29:18Z;2026-03-23T00:36:15Z
Jasonchenlijian/FastBle;5477;9.59;9;Java;1246;246;2016-08-23T02:06:33Z;2026-03-24T05:41:53Z
scribejava/scribejava;5470;15.55;9;Java;1649;76;2010-09-05T19:11:40Z;2026-03-20T04:58:10Z
motianhuo/wechat;5469;10.83;0;Java;2413;45;2015-05-25T02:33:37Z;2026-03-24T15:13:40Z
alibaba/freeline;5464;9.64;22;Java;621;185;2016-08-03T17:22:52Z;2026-03-10T06:07:07Z
KeepSafe/TapTargetView;5462;9.53;24;Java;593;56;2016-09-11T09:07:36Z;2026-03-19T08:26:32Z
sockeqwe/mosby;5460;11.0;15;Java;840;28;2015-03-25T00:59:19Z;2026-03-25T14:26:29Z
liquibase/liquibase;5460;14.71;107;Java;1939;608;2011-07-08T20:08:20Z;2026-03-25T18:58:36Z
dm77/barcodescanner;5444;12.08;6;Java;1429;0;2014-02-24T21:14:09Z;2026-03-24T15:54:47Z
apache/groovy;5439;10.94;0;Java;1913;23;2015-04-16T07:00:05Z;2026-03-25T12:59:55Z
TGX-Android/Telegram-X;5435;4.6;6;Java;958;182;2021-08-17T17:09:25Z;2026-03-26T01:18:17Z
rubenlagus/TelegramBots;5428;10.2;113;Java;1350;200;2016-01-14T00:13:07Z;2026-03-24T00:09:37Z
spring-projects/spring-data-examples;5415;12.15;0;Java;3414;23;2014-01-30T15:42:43Z;2026-03-25T11:41:53Z
socketio/socket.io-client-java;5414;12.91;7;Java;977;128;2013-04-28T17:04:05Z;2026-03-24T10:16:55Z
facebookarchive/rebound;5405;12.45;10;Java;802;31;2013-10-11T01:12:37Z;2026-03-20T05:00:26Z
tonikelope/megabasterd;5402;9.48;208;Java;634;279;2016-09-29T16:54:54Z;2026-03-25T15:22:08Z
apache/dubbo-spring-boot-project;5397;8.18;13;Java;1863;46;2018-01-18T12:10:50Z;2026-03-25T06:54:05Z
coobird/thumbnailator;5397;10.67;0;Java;803;52;2015-07-25T05:38:33Z;2026-03-25T17:10:24Z
killbill/killbill;5389;13.42;151;Java;905;235;2012-10-21T20:55:05Z;2026-03-25T07:45:30Z
LFDT-web3j/web3j;5385;9.55;121;Java;1762;136;2016-09-04T05:48:49Z;2026-03-25T16:30:29Z
diffplug/spotless;5379;10.91;52;Java;513;257;2015-04-27T19:10:58Z;2026-03-26T02:10:50Z
facebookarchive/shimmer-android;5364;11.07;5;Java;705;28;2015-02-27T22:25:22Z;2026-03-25T16:06:42Z
Evernote/android-job;5363;10.6;31;Java;554;4;2015-08-20T19:36:54Z;2026-03-21T22:33:28Z
pmd/pmd;5355;13.7;113;Java;1558;638;2012-07-11T18:03:00Z;2026-03-24T21:21:59Z
remkop/picocli;5340;9.14;86;Java;454;171;2017-02-01T16:38:41Z;2026-03-25T23:52:53Z
h6ah4i/android-advancedrecyclerview;5339;11.16;1;Java;853;195;2015-01-24T16:14:39Z;2026-03-16T16:01:54Z
commonsguy/cw-omnibus;5337;14.03;36;Java;3728;0;2012-03-12T14:12:06Z;2026-03-21T18:42:06Z
jgilfelt/SystemBarTint;5335;12.35;3;Java;1423;38;2013-11-17T12:35:05Z;2026-03-23T12:45:03Z
runelite/runelite;5327;9.9;0;Java;5675;2333;2016-04-30T20:48:02Z;2026-03-25T22:51:15Z
google/google-authenticator;5322;11.46;0;Java;990;165;2014-10-08T17:54:27Z;2026-03-25T13:56:57Z
XRecyclerView/XRecyclerView;5322;10.35;0;Java;1248;243;2015-11-18T08:14:22Z;2026-03-18T12:26:39Z
allure-framework/allure2;5319;9.83;84;Java;762;115;2016-05-27T14:06:05Z;2026-03-25T19:11:06Z
mybatis/generator;5317;13.12;11;Java;2493;5;2013-02-10T11:14:50Z;2026-03-26T00:57:02Z
gsantner/markor;5317;8.58;81;Java;462;163;2017-08-26T00:08:35Z;2026-03-26T02:15:20Z
dunwu/db-tutorial;5317;8.63;0;Java;646;11;2017-08-08T06:33:38Z;2026-03-22T14:56:16Z
Doikki/DKVideoPlayer;5308;8.96;32;Java;1070;114;2017-04-11T01:33:38Z;2026-03-25T02:21:29Z
LWJGL/lwjgl3;5305;13.25;23;Java;689;85;2012-12-23T15:40:04Z;2026-03-25T21:03:23Z
zfdang/Android-Touch-Helper;5292;5.44;113;Java;502;64;2020-10-16T00:58:41Z;2026-03-26T01:26:42Z
Fuzion24/JustTrustMe;5288;11.67;1;Java;827;22;2014-07-24T23:45:05Z;2026-03-24T08:08:30Z
evant/gradle-retrolambda;5283;12.64;37;Java;442;76;2013-08-05T02:09:58Z;2026-03-20T04:58:12Z
Docile-Alligator/Infinity-For-Reddit;5270;7.66;196;Java;483;160;2018-07-26T15:02:51Z;2026-03-25T23:01:32Z
yixia/VitamioBundle;5269;13.43;0;Java;2046;292;2012-10-19T08:40:49Z;2026-03-24T10:16:54Z
xxv/android-lifecycle;5266;11.93;0;Java;665;28;2014-04-18T14:26:22Z;2026-03-25T03:56:24Z
CodingDocs/springboot-guide;5263;7.32;0;Java;1402;16;2018-11-28T01:05:07Z;2026-03-25T16:52:49Z
citerus/dddsample-core;5262;11.15;0;Java;1515;32;2015-01-31T23:21:37Z;2026-03-25T19:43:57Z
lingochamp/okdownload;5259;8.27;8;Java;801;270;2017-12-17T08:21:22Z;2026-03-25T08:14:20Z
razerdp/BasePopup;5257;10.19;15;Java;764;33;2016-01-15T03:31:07Z;2026-03-18T11:05:55Z
thinkaurelius/titan;5237;14.08;0;Java;999;181;2012-02-25T22:53:53Z;2026-03-25T16:41:07Z
j-easy/easy-rules;5237;13.04;10;Java;1100;88;2013-03-10T14:38:26Z;2026-03-24T09:34:10Z
Yalantis/Side-Menu.Android;5234;11.2;2;Java;1492;20;2015-01-13T11:11:27Z;2026-03-16T16:00:53Z
novicezk/midjourney-proxy;5231;2.92;0;Java;2427;170;2023-04-24T13:43:45Z;2026-03-25T07:37:28Z
huangyanbin/smartTable;5231;8.38;44;Java;870;207;2017-11-08T01:11:14Z;2026-03-24T09:46:48Z
CellularPrivacy/Android-IMSI-Catcher-Detector;5222;12.33;48;Java;1023;180;2013-11-23T10:04:14Z;2026-03-23T09:54:43Z
lucasr/twoway-view;5218;13.18;0;Java;1008;166;2013-01-18T20:55:23Z;2026-03-13T19:03:12Z
bitcoinj/bitcoinj;5213;12.34;14;Java;2565;564;2013-11-19T04:33:23Z;2026-03-25T23:43:53Z
reactor/reactor-core;5211;10.37;224;Java;1245;72;2015-11-10T10:06:40Z;2026-03-26T02:03:34Z
Karumi/Dexter;5207;10.35;33;Java;673;34;2015-11-17T13:14:43Z;2026-03-25T16:06:52Z
brianfrankcooper/YCSB;5197;15.93;55;Java;2321;382;2010-04-19T20:52:11Z;2026-03-20T19:40:55Z
oshi/oshi;5196;14.12;170;Java;918;10;2012-02-10T12:46:48Z;2026-03-25T09:10:16Z
hustcc/JS-Sorting-Algorithm;5194;9.18;0;Java;1133;24;2017-01-19T11:36:21Z;2026-03-24T07:26:09Z
zhanglei-workspace/shopping-management-system;5188;10.35;0;Java;2238;28;2015-11-16T12:53:21Z;2026-03-25T10:33:26Z
Clans/FloatingActionButton;5186;11.01;14;Java;1119;231;2015-03-21T12:36:16Z;2026-03-16T16:00:52Z
android/views-widgets-samples;5181;6.55;0;Java;2984;184;2019-09-06T21:39:12Z;2026-03-24T09:06:07Z
Exrick/xpay;5179;8.28;0;Java;1117;35;2017-12-12T16:11:19Z;2026-03-25T23:45:03Z
killme2008/aviatorscript;5178;14.99;52;Java;898;76;2011-03-29T12:48:47Z;2026-03-24T03:40:31Z
baomidou/dynamic-datasource;5153;7.91;19;Java;1245;2;2018-04-28T02:32:16Z;2026-03-24T09:34:51Z
careercup/ctci;5145;13.01;0;Java;2284;66;2013-03-21T23:01:01Z;2026-03-25T09:53:22Z
square/otto;5135;13.74;0;Java;832;18;2012-06-27T19:06:49Z;2026-03-20T04:59:44Z
natario1/CameraView;5127;8.68;42;Java;980;139;2017-07-18T09:30:33Z;2026-03-25T04:05:44Z
deathmarine/Luyten;5119;12.7;17;Java;1015;192;2013-07-11T10:57:28Z;2026-03-24T08:48:54Z
tianshiyeben/wgcloud;5113;7.19;31;Java;896;45;2019-01-15T02:02:21Z;2026-03-23T07:34:58Z
apache/calcite;5103;11.75;0;Java;2474;328;2014-06-25T07:00:07Z;2026-03-25T08:50:01Z
youlookwhat/DesignPattern;5099;9.42;0;Java;1470;4;2016-10-21T10:59:32Z;2026-03-24T15:58:05Z
line/armeria;5084;10.35;269;Java;984;723;2015-11-16T04:04:01Z;2026-03-25T07:54:17Z
spring-projects/spring-authorization-server;5083;6.02;85;Java;1361;42;2020-03-17T17:28:57Z;2026-03-25T11:42:23Z
sofastack/sofa-boot;5079;7.98;83;Java;1260;23;2018-04-02T08:28:14Z;2026-03-21T16:58:53Z
xuexiangjys/XUI;5074;7.21;23;Java;860;8;2019-01-07T07:59:02Z;2026-03-25T13:38:55Z
bisq-network/bisq;5068;12.04;143;Java;1287;169;2014-03-12T09:42:29Z;2026-03-24T23:23:43Z
OpenTSDB/opentsdb;5064;15.58;27;Java;1239;537;2010-08-27T02:05:20Z;2026-03-20T04:29:10Z
Kodezi/Chronos;5060;0.68;0;Java;215;0;2025-07-21T07:34:10Z;2026-03-26T01:57:09Z
apache/ignite;5058;11.09;0;Java;1931;844;2015-02-19T08:00:05Z;2026-03-25T15:49:20Z
Sayi/poi-tl;5051;11.01;14;Java;1126;62;2015-03-20T06:47:52Z;2026-03-25T07:39:21Z
wequick/Small;5042;10.32;25;Java;1102;262;2015-11-27T11:37:20Z;2026-03-23T08:58:04Z
2227324689/gpmall;5040;6.69;0;Java;1886;49;2019-07-18T14:09:22Z;2026-03-22T14:23:18Z
jankotek/mapdb;5037;13.6;0;Java;881;199;2012-08-17T15:28:54Z;2026-03-24T06:40:47Z
javastacks/spring-boot-best-practice;5036;7.37;1;Java;1356;0;2018-11-09T06:23:18Z;2026-03-26T00:26:37Z
Trinea/android-common;5023;13.76;1;Java;2610;18;2012-06-19T07:49:46Z;2026-03-25T17:15:17Z
yipianfengye/android-zxingLibrary;5018;9.66;0;Java;1042;203;2016-07-26T08:00:18Z;2026-03-18T09:02:56Z
youlookwhat/CloudReader;5008;9.34;26;Java;1346;5;2016-11-20T11:59:25Z;2026-03-25T14:14:20Z
rubensousa/GravitySnapHelper;5001;9.56;15;Java;617;0;2016-08-31T07:25:23Z;2026-03-25T12:22:40Z
apache/maven;5000;16.84;30;Java;2841;736;2009-05-21T03:22:03Z;2026-03-26T00:33:11Z
JodaOrg/joda-time;4989;14.86;51;Java;1015;37;2011-05-16T16:49:57Z;2026-03-24T17:11:34Z
DingMouRen/LayoutManagerGroup;4988;7.91;0;Java;676;41;2018-04-28T11:47:38Z;2026-03-23T13:41:15Z
ageerle/ruoyi-ai;4986;2.19;6;Java;1224;5;2024-01-16T04:16:41Z;2026-03-26T02:08:10Z
spring-attic/spring-mvc-showcase;4986;14.81;0;Java;3655;14;2011-06-03T15:36:55Z;2026-03-26T01:14:21Z
rstudio/rstudio;4975;15.3;0;Java;1166;1362;2010-12-07T19:10:25Z;2026-03-25T17:32:45Z
orhanobut/dialogplus;4975;11.28;9;Java;785;54;2014-12-12T09:24:44Z;2026-03-18T08:08:08Z
alibaba/UltraViewPager;4966;8.99;10;Java;679;57;2017-03-29T13:31:53Z;2026-03-25T05:37:04Z
spring-cloud/spring-cloud-netflix;4963;11.7;30;Java;2454;93;2014-07-11T15:46:12Z;2026-03-24T19:39:52Z
roncoo/roncoo-pay;4962;9.68;0;Java;2585;31;2016-07-21T02:46:06Z;2026-03-23T03:52:01Z
querydsl/querydsl;4960;14.64;35;Java;877;66;2011-08-05T06:46:32Z;2026-03-23T11:12:15Z
frogermcs/InstaMaterial;4955;11.37;1;Java;1421;31;2014-11-10T18:56:49Z;2026-03-25T12:22:42Z
react-native-config/react-native-config;4954;10.09;33;Java;657;376;2016-02-23T00:19:11Z;2026-03-26T00:41:52Z
react-native-webrtc/react-native-webrtc;4949;10.49;82;Java;1323;40;2015-09-27T10:57:30Z;2026-03-25T08:36:42Z
orientechnologies/orientdb;4943;13.29;231;Java;874;345;2012-12-09T20:33:47Z;2026-03-24T23:11:09Z
Devlight/NavigationTabBar;4935;9.99;13;Java;913;68;2016-03-29T08:59:27Z;2026-03-23T17:56:07Z
amitshekhariitbhu/RxJava2-Android-Samples;4928;9.57;0;Java;1053;17;2016-08-27T08:21:37Z;2026-03-25T12:20:54Z
DiUS/java-faker;4925;14.8;0;Java;865;226;2011-06-06T01:01:21Z;2026-03-23T09:05:38Z
HeliBorg/HeliBoard;4910;4.04;62;Java;260;697;2022-03-09T08:38:32Z;2026-03-25T23:31:53Z
traex/RippleEffect;4904;11.44;0;Java;1067;54;2014-10-14T13:32:51Z;2026-03-25T16:07:12Z
fuzhengwei/small-spring;4900;4.86;0;Java;1426;35;2021-05-15T06:07:28Z;2026-03-23T08:18:18Z
cglib/cglib;4895;11.99;15;Java;885;96;2014-03-29T13:48:30Z;2026-03-19T11:50:42Z
Ramotion/folding-cell-android;4894;9.98;0;Java;836;8;2016-04-01T11:38:47Z;2026-03-21T17:13:29Z
angryip/ipscan;4892;14.74;32;Java;805;184;2011-06-28T20:58:48Z;2026-03-25T03:16:50Z
Threekiii/Awesome-POC;4885;4.09;2;Java;1008;2;2022-02-20T06:43:22Z;2026-03-25T14:37:51Z
reactive-streams/reactive-streams-jvm;4871;12.07;0;Java;532;34;2014-02-28T13:16:15Z;2026-03-25T01:47:13Z
zhkl0228/unidbg;4866;7.07;16;Java;1117;416;2019-02-26T09:32:15Z;2026-03-25T23:54:49Z
mock-server/mockserver;4861;13.07;0;Java;1100;319;2013-02-26T06:09:52Z;2026-03-24T08:57:02Z
spring-cloud/spring-cloud-gateway;4841;9.35;45;Java;3433;510;2016-11-16T21:42:51Z;2026-03-25T11:42:10Z
micrometer-metrics/micrometer;4833;8.96;291;Java;1079;290;2017-04-10T21:36:51Z;2026-03-25T21:56:29Z
mcxiaoke/packer-ng-plugin;4814;10.33;1;Java;857;21;2015-11-24T04:08:08Z;2026-03-24T15:09:32Z
andkulikov/Transitions-Everywhere;4798;11.44;23;Java;481;7;2014-10-15T03:37:03Z;2026-03-13T18:46:38Z
deepjavalibrary/djl;4795;6.4;38;Java;744;226;2019-10-29T22:38:54Z;2026-03-24T05:38:48Z
claritylab/lucida;4790;11.87;0;Java;870;75;2014-05-13T17:12:49Z;2026-03-25T12:01:03Z
oracle/opengrok;4784;13.21;302;Java;803;541;2013-01-07T11:49:18Z;2026-03-25T10:34:39Z
tuguangquan/mybatis;4777;11.39;0;Java;2362;19;2014-11-03T04:51:06Z;2026-03-25T00:47:44Z
ronmamo/reflections;4774;12.94;3;Java;706;122;2013-04-16T16:19:26Z;2026-03-25T22:09:33Z
etsy/AndroidStaggeredGrid;4771;12.29;7;Java;1112;106;2013-12-09T19:43:45Z;2026-03-19T14:37:11Z
tencentmusic/supersonic;4764;2.78;15;Java;933;326;2023-06-12T07:23:28Z;2026-03-26T00:57:06Z
TheoKanning/openai-java;4763;5.52;22;Java;1202;130;2020-09-15T02:58:52Z;2026-03-25T16:05:17Z
zq2599/blog_demos;4760;8.96;0;Java;1923;153;2017-04-09T04:51:56Z;2026-03-25T03:24:23Z
saiwu-bigkoo/Android-ConvenientBanner;4758;11.25;0;Java;1047;94;2014-12-23T06:12:33Z;2026-03-25T16:06:40Z
dromara/dynamic-tp;4753;4.21;19;Java;857;25;2022-01-07T16:35:27Z;2026-03-25T03:38:49Z
nisrulz/android-tips-tricks;4752;9.58;0;Java;571;2;2016-08-25T20:27:33Z;2026-03-26T01:10:44Z
zlt2000/microservices-platform;4748;7.05;30;Java;1693;16;2019-03-07T07:13:37Z;2026-03-25T16:46:04Z
kyleduo/SwitchButton;4746;11.54;0;Java;866;22;2014-09-09T07:20:43Z;2026-03-18T10:53:31Z
grobidOrg/grobid;4739;13.53;22;Java;536;336;2012-09-13T15:48:54Z;2026-03-25T20:16:00Z
hongyangAndroid/baseAdapter;4732;10.64;0;Java;1195;115;2015-08-03T02:55:51Z;2026-03-18T12:26:36Z
saysky/ForestBlog;4719;8.46;0;Java;1644;45;2017-10-08T15:27:47Z;2026-03-25T12:03:56Z
stleary/JSON-java;4718;15.26;25;Java;2593;25;2010-12-21T17:46:09Z;2026-03-25T11:41:08Z
google/cameraview;4713;9.64;0;Java;1017;177;2016-08-04T05:22:14Z;2026-03-25T16:07:08Z
spring-attic/spring-security-oauth;4700;14.66;0;Java;3978;545;2011-07-26T18:08:49Z;2026-03-17T07:08:40Z
cjlin1/libsvm;4695;12.54;0;Java;1638;112;2013-09-10T14:32:07Z;2026-03-21T13:42:06Z
hansonwang99/Spring-Boot-In-Action;4695;7.15;0;Java;1476;25;2019-01-28T12:56:51Z;2026-03-21T19:49:10Z
SPLWare/esProc;4692;4.37;0;Java;362;50;2021-11-09T15:41:25Z;2026-03-24T08:28:50Z
charles2gan/GDA-android-reversing-Tool;4690;8.4;40;Java;561;55;2017-10-31T08:18:29Z;2026-03-24T07:54:33Z
pardom-zz/ActiveAndroid;4688;13.36;0;Java;1026;328;2012-11-15T18:10:45Z;2026-03-22T14:17:23Z
bytedeco/javacpp;4687;11.93;14;Java;597;111;2014-04-21T12:47:21Z;2026-03-25T08:38:20Z
jgilfelt/chuck;4686;9.13;5;Java;455;54;2017-02-07T23:51:39Z;2026-03-24T15:09:31Z
981011512/--;4684;5.77;0;Java;2255;32;2020-06-18T22:47:21Z;2026-03-25T07:57:36Z
bepass-org/oblivion;4682;2.12;12;Java;631;206;2024-02-08T05:50:09Z;2026-03-24T22:51:35Z
Heeexy/SpringBoot-Shiro-Vue;4677;8.35;0;Java;1769;7;2017-11-17T18:49:06Z;2026-03-24T06:49:13Z
karma9874/AndroRAT;4667;6.01;0;Java;1512;17;2020-03-22T09:31:28Z;2026-03-26T01:52:52Z
ant-media/Ant-Media-Server;4653;9.07;68;Java;681;1387;2017-03-01T08:21:13Z;2026-03-25T12:05:21Z
JZ-Darkal/AndroidHttpCapture;4650;9.44;1;Java;863;42;2016-10-15T19:48:00Z;2026-03-24T15:09:30Z
discord-jda/JDA;4649;10.28;121;Java;761;67;2015-12-12T13:57:32Z;2026-03-25T07:43:48Z
wdullaer/MaterialDateTimePicker;4642;11.22;54;Java;936;110;2015-01-03T19:41:03Z;2026-03-25T12:22:53Z
rememberber/WePush;4640;8.75;58;Java;1014;34;2017-06-23T09:03:36Z;2026-03-25T16:52:42Z
CalebFenton/simplify;4638;12.19;9;Java;454;32;2014-01-16T05:14:02Z;2026-03-25T19:16:35Z
chewiebug/GCViewer;4634;14.42;5;Java;995;84;2011-10-23T09:01:04Z;2026-03-22T15:52:42Z
zongzibinbin/MallChat;4633;3.03;0;Java;1025;53;2023-03-16T15:04:35Z;2026-03-24T10:11:55Z
romandanylyk/PageIndicatorView;4633;9.59;14;Java;569;57;2016-08-20T19:25:32Z;2026-03-23T17:56:13Z
gabrielemariotti/cardslib;4632;12.51;27;Java;1176;183;2013-09-20T21:57:19Z;2026-03-20T04:59:18Z
yasserg/crawler4j;4630;14.23;3;Java;1909;188;2011-12-31T22:49:18Z;2026-03-24T07:36:33Z
linhaojun857/aurora;4626;3.6;0;Java;738;20;2022-08-19T13:39:16Z;2026-03-25T15:47:20Z
RedSpider1/concurrent;4621;7.39;0;Java;616;13;2018-11-03T13:49:36Z;2026-03-20T01:18:41Z
h2database/h2database;4619;10.96;24;Java;1280;423;2015-04-10T19:09:09Z;2026-03-22T02:39:23Z
Netflix/ribbon;4617;13.19;41;Java;1237;216;2013-01-15T01:08:04Z;2026-03-24T02:03:36Z
apache/rocketmq-externals;4615;9.03;0;Java;3038;116;2017-03-14T07:00:06Z;2026-03-24T09:15:07Z
nICEnnnnnnnLee/BilibiliDown;4602;7.17;81;Java;414;13;2019-01-23T06:56:46Z;2026-03-26T02:08:46Z
objectbox/objectbox-java;4596;9.16;53;Java;305;147;2017-01-24T10:29:48Z;2026-03-25T09:36:48Z
SplashCodes/JAViewer;4591;9.84;10;Java;692;44;2016-05-21T08:47:10Z;2026-03-25T08:12:05Z
hussien89aa/AndroidTutorialForBeginners;4585;9.49;0;Java;6040;39;2016-09-26T16:36:28Z;2026-03-23T18:49:35Z
puniverse/quasar;4565;12.99;18;Java;567;101;2013-03-27T14:51:24Z;2026-03-17T07:09:18Z
chentao0707/SimplifyReader;4559;10.6;0;Java;1593;41;2015-08-17T08:22:53Z;2026-03-10T05:47:46Z
zhanghai/Douya;4559;10.14;11;Java;1134;17;2016-02-01T13:44:19Z;2026-03-22T14:31:45Z
javagrowing/JGrowing;4551;7.08;0;Java;931;22;2019-02-26T01:55:08Z;2026-03-21T19:49:55Z
ReChronoRain/HyperCeiler;4546;2.41;9;Java;344;169;2023-10-27T17:17:42Z;2026-03-26T02:05:38Z
tiann/epic;4543;8.84;5;Java;818;18;2017-05-22T02:52:44Z;2026-03-24T09:42:49Z
go-lang-plugin-org/go-lang-idea-plugin;4540;15.57;21;Java;567;417;2010-08-29T08:20:01Z;2026-03-22T09:58:29Z
danielzeller/Depth-LIB-Android-;4540;9.91;0;Java;589;11;2016-04-27T09:37:28Z;2026-03-13T18:37:12Z
square/sqlbrite;4537;11.09;9;Java;412;5;2015-02-19T04:38:37Z;2026-03-10T07:43:20Z
jdamcd/android-crop;4535;12.03;6;Java;1071;131;2014-03-13T10:24:43Z;2026-03-25T02:47:10Z
phishman3579/java-algorithms-implementation;4532;12.34;0;Java;1852;135;2013-11-20T03:30:19Z;2026-03-25T13:48:14Z
alibaba/dexposed;4518;10.74;0;Java;1062;19;2015-06-30T02:59:16Z;2026-03-17T07:10:18Z
jacoco/jacoco;4517;13.71;50;Java;1200;212;2012-07-08T21:45:13Z;2026-03-24T12:48:16Z
201206030/novel-plus;4516;5.89;36;Java;1475;76;2020-05-02T07:15:43Z;2026-03-24T14:16:02Z
IoT-Technology/IoT-Technical-Guide;4515;6.98;0;Java;1115;13;2019-04-02T01:52:44Z;2026-03-26T00:41:24Z
azkaban/azkaban;4515;13.43;48;Java;1572;802;2012-10-18T01:34:53Z;2026-03-20T17:46:58Z
castorflex/SmoothProgressBar;4514;12.32;9;Java;1002;14;2013-11-27T20:32:16Z;2026-03-21T18:01:06Z
Flipboard/bottomsheet;4506;10.92;10;Java;594;55;2015-04-23T17:37:32Z;2026-03-13T18:47:28Z
Freeyourgadget/Gadgetbridge;4486;11.22;0;Java;661;461;2015-01-05T23:19:03Z;2026-03-25T19:16:20Z
HotBitmapGG/bilibili-android-client;4486;9.81;1;Java;1466;9;2016-06-01T04:36:01Z;2026-03-22T12:46:37Z
JakeWharton/NineOldAndroids;4472;14.29;0;Java;1523;42;2011-12-08T19:46:37Z;2026-02-24T09:30:11Z
water8394/flink-recommandSystem-demo;4472;6.86;0;Java;1480;18;2019-05-15T07:55:35Z;2026-03-24T08:38:45Z
Meituan-Dianping/Robust;4468;9.03;13;Java;808;163;2017-03-14T10:14:50Z;2026-03-24T07:47:18Z
s4kibs4mi/java-developer-roadmap;4455;6.92;0;Java;562;0;2019-04-23T06:42:13Z;2026-03-24T21:51:47Z
flutter-webrtc/flutter-webrtc;4454;8.05;138;Java;1351;701;2018-03-07T02:26:03Z;2026-03-25T18:00:39Z
apache/shiro;4439;16.57;17;Java;2302;8;2009-08-29T08:00:17Z;2026-03-25T04:20:36Z
janishar/android-mvp-architecture;4435;9.16;0;Java;1239;40;2017-01-27T08:39:06Z;2026-03-10T06:06:51Z
dreamhead/moco;4432;13.43;1;Java;1084;144;2012-10-18T09:09:51Z;2026-03-23T02:36:41Z
square/android-times-square;4427;13.15;0;Java;1182;23;2013-01-30T20:28:27Z;2026-03-24T15:09:28Z
Tencent/GT;4415;10.2;3;Java;1022;71;2016-01-13T10:29:55Z;2026-03-19T08:41:33Z
ThirtyDegreesRay/OpenHub;4396;8.7;31;Java;425;247;2017-07-11T13:29:51Z;2026-03-24T03:03:49Z
Snailclimb/guide-rpc-framework;4395;5.87;0;Java;2177;23;2020-05-10T13:24:42Z;2026-03-23T16:05:24Z
robinhood/ticker;4383;9.69;9;Java;462;18;2016-07-15T21:37:52Z;2026-03-25T16:07:05Z
crate/crate;4375;12.96;157;Java;589;307;2013-04-10T09:17:16Z;2026-03-25T13:37:51Z
Querz/mcaselector;4364;7.92;75;Java;226;226;2018-04-22T22:23:26Z;2026-03-25T15:35:17Z
pytorch/serve;4360;6.48;24;Java;887;445;2019-10-03T03:17:43Z;2026-03-19T15:48:13Z
Ashok-Varma/BottomNavigation;4359;10.02;16;Java;680;27;2016-03-19T19:19:30Z;2026-03-22T10:16:24Z
awangdev/leet-code;4358;10.92;0;Java;27;0;2015-04-25T19:14:09Z;2026-03-10T08:32:51Z
eirslett/frontend-maven-plugin;4350;12.57;0;Java;880;307;2013-08-30T14:44:38Z;2026-03-18T17:47:38Z
mywalkb/LSPosed_mod;4341;3.99;10;Java;264;55;2022-03-28T08:05:38Z;2026-03-26T01:23:21Z
AsamK/signal-cli;4339;10.87;110;Java;393;99;2015-05-11T10:49:42Z;2026-03-26T01:39:21Z
iterate-ch/cyberduck;4337;9.17;0;Java;344;502;2017-01-20T14:16:34Z;2026-03-25T20:10:43Z
BoCloud/folib;4325;0.71;1;Java;250;3;2025-07-09T06:22:58Z;2026-03-25T02:47:13Z
dragonwell-project/dragonwell8;4321;7.05;46;Java;502;172;2019-03-07T02:57:45Z;2026-03-25T11:46:10Z
jitsi/jitsi;4320;12.92;7;Java;976;221;2013-04-24T17:37:20Z;2026-03-23T17:58:30Z
jlegewie/zotfile;4319;14.23;33;Java;290;298;2011-12-30T14:47:42Z;2026-03-25T16:08:13Z
jeasonlzy/ImagePicker;4311;10.16;5;Java;1029;173;2016-01-27T17:05:03Z;2026-03-24T23:12:10Z
google/open-location-code;4309;11.48;5;Java;520;50;2014-09-30T18:26:35Z;2026-03-24T05:25:50Z
failsafe-lib/failsafe;4307;10.74;0;Java;309;74;2015-06-30T00:56:39Z;2026-03-23T08:19:33Z
torakiki/pdfsam;4306;12.5;70;Java;391;126;2013-09-24T11:06:13Z;2026-03-25T12:19:16Z
bingoogolapple/BGARefreshLayout-Android;4304;10.83;4;Java;998;96;2015-05-28T16:17:00Z;2026-03-18T12:26:34Z
geoserver/geoserver;4301;14.37;69;Java;2289;36;2011-11-10T19:56:06Z;2026-03-25T17:01:29Z
apache/streampark;4300;6.83;17;Java;1065;300;2019-05-27T05:56:03Z;2026-03-25T06:12:42Z
JabRef/jabref;4294;12.04;48;Java;3300;538;2014-03-11T14:48:42Z;2026-03-25T22:12:17Z
brianway/java-learning;4290;10.12;0;Java;1190;4;2016-02-09T05:20:58Z;2026-03-21T05:50:52Z
apache/fory;4286;2.91;65;Java;408;158;2023-04-28T03:57:00Z;2026-03-25T06:40:49Z
alibaba/fastjson2;4285;3.94;61;Java;555;644;2022-04-17T04:27:24Z;2026-03-24T08:17:48Z
bjmashibing/InternetArchitect;4281;6.43;0;Java;2854;29;2019-10-19T16:32:01Z;2026-03-25T02:46:15Z
mcxiaoke/android-volley;4272;12.84;0;Java;1543;69;2013-05-21T05:35:26Z;2026-03-24T13:33:56Z
camunda/camunda-bpm-platform;4268;13.22;0;Java;1708;0;2013-01-03T10:10:31Z;2026-03-18T13:00:59Z
ongakuer/CircleIndicator;4266;11.65;7;Java;702;32;2014-07-30T14:02:56Z;2026-03-19T14:36:22Z
grantland/android-autofittextview;4263;15.11;1;Java;689;60;2011-02-14T06:00:52Z;2026-03-13T18:53:48Z
aporter/coursera-android;4256;12.22;0;Java;5210;66;2014-01-05T09:55:31Z;2026-03-17T07:12:25Z
M66B/FairEmail;4255;7.64;2232;Java;684;3;2018-08-02T13:30:25Z;2026-03-25T15:03:28Z
microsoft/malmo;4252;9.85;21;Java;607;171;2016-05-17T14:58:40Z;2026-03-26T00:24:51Z
mybatis/spring-boot-starter;4249;10.5;34;Java;1801;20;2015-09-25T13:05:15Z;2026-03-25T12:12:28Z
dromara/hmily;4248;8.49;0;Java;1402;55;2017-09-28T06:29:01Z;2026-03-17T07:14:36Z
nining377/dolby_beta;4247;5.85;37;Java;270;205;2020-05-19T12:13:36Z;2026-03-25T15:23:17Z
zendesk/maxwell;4239;11.12;214;Java;1036;267;2015-02-09T22:06:13Z;2026-03-25T09:34:10Z
jboss-javassist/javassist;4230;12.84;24;Java;720;254;2013-05-24T08:31:32Z;2026-03-23T13:02:35Z
LibrePDF/OpenPDF;4217;9.7;87;Java;695;151;2016-07-11T15:50:34Z;2026-03-26T01:35:38Z
JetBrains/fernflower;4214;11.47;0;Java;724;0;2014-10-03T05:00:15Z;2026-03-25T17:18:37Z
ChadCSong/ShineButton;4203;9.72;2;Java;544;29;2016-07-05T06:32:26Z;2026-03-25T16:07:05Z
aws/aws-sdk-java;4198;16.01;0;Java;2807;1;2010-03-22T23:34:58Z;2026-03-25T16:06:47Z
yhaolpz/FloatWindow;4198;8.36;9;Java;656;101;2017-11-14T14:33:55Z;2026-03-24T15:43:35Z
powermock/powermock;4188;11.82;16;Java;580;462;2014-05-28T07:53:53Z;2026-03-24T13:17:31Z
Jacksgong/JKeyboardPanelSwitch;4184;10.73;14;Java;683;62;2015-07-01T17:42:01Z;2026-03-19T04:29:33Z
syncthing/syncthing-android;4183;12.08;332;Java;514;159;2014-02-22T17:15:19Z;2026-03-25T18:00:48Z
hugeterry/CoordinatorTabLayout;4183;9.16;0;Java;582;19;2017-01-27T13:40:28Z;2026-03-18T12:27:02Z
oddfar/campus-imaotai;4183;2.72;11;Java;1370;62;2023-07-07T10:37:13Z;2026-03-24T09:24:08Z
codingapi/tx-lcn;4182;8.37;14;Java;1447;198;2017-11-11T03:34:34Z;2026-03-23T07:59:53Z
jMonkeyEngine/jmonkeyengine;4176;12.01;82;Java;1164;245;2014-03-20T22:29:28Z;2026-03-25T21:22:01Z
jishenghua/jshERP;4170;9.51;6;Java;1399;95;2016-09-20T04:51:39Z;2026-03-25T14:28:46Z
bingoogolapple/BGABanner-Android;4167;11.41;0;Java;779;54;2014-10-25T17:15:18Z;2026-03-20T18:34:27Z
googlesamples/mlkit;4162;5.82;1;Java;3092;198;2020-05-28T21:40:38Z;2026-03-25T08:14:33Z
pedrovgs/AndroidWiFiADB;4158;10.43;8;Java;477;23;2015-10-18T21:58:45Z;2026-03-25T16:06:50Z
lilishop/lilishop;4136;4.87;3;Java;1010;11;2021-05-14T01:28:51Z;2026-03-25T13:37:03Z
JFormDesigner/FlatLaf;4130;6.6;90;Java;323;88;2019-08-19T10:27:05Z;2026-03-25T09:19:47Z
pqpo/SmartCropper;4126;8.64;13;Java;757;38;2017-08-03T11:08:41Z;2026-03-25T00:58:46Z
lukas-krecan/ShedLock;4121;9.28;0;Java;563;21;2016-12-11T13:53:59Z;2026-03-25T21:51:22Z
gh0stkey/HaE;4116;6.0;86;Java;301;0;2020-03-24T10:12:50Z;2026-03-25T02:16:48Z
bitcoin-wallet/bitcoin-wallet;4112;13.98;0;Java;2274;78;2012-03-31T17:06:47Z;2026-03-25T08:24:40Z
dinuscxj/LoadingDrawable;4107;9.94;0;Java;638;10;2016-04-16T07:33:57Z;2026-03-25T16:07:01Z
DTStack/chunjun;4105;7.98;31;Java;1693;286;2018-04-03T12:44:58Z;2026-03-26T00:37:51Z
alibaba/Tangram-Android;4103;8.99;38;Java;523;72;2017-03-29T13:29:57Z;2026-03-25T05:37:06Z
code4craft/tiny-spring;4088;12.2;0;Java;1806;29;2014-01-10T16:37:57Z;2026-03-22T03:53:56Z
qunarcorp/bistoury;4087;6.65;8;Java;840;77;2019-08-01T07:54:25Z;2026-03-18T15:29:01Z
Manabu-GT/ExpandableTextView;4077;11.85;4;Java;788;45;2014-05-17T19:40:15Z;2026-03-18T12:26:25Z
oblac/jodd;4075;13.54;37;Java;721;2;2012-09-07T20:26:48Z;2026-03-25T08:34:55Z
orhanobut/hawk;4072;11.09;22;Java;397;52;2015-02-19T22:25:23Z;2026-03-13T18:50:34Z
rubensousa/ViewPagerCards;4069;9.59;0;Java;605;15;2016-08-20T15:24:12Z;2026-03-23T13:41:20Z
jetty/jetty.project;4068;14.7;144;Java;1989;290;2011-07-14T01:11:57Z;2026-03-26T00:36:21Z
RipMeApp/ripme;4062;9.21;145;Java;659;531;2017-01-06T17:12:09Z;2026-03-25T20:29:09Z
camunda/camunda;4055;10.01;563;Java;751;2504;2016-03-20T03:38:04Z;2026-03-26T00:02:18Z
knowm/XChange;4050;14.14;0;Java;2008;345;2012-02-02T10:48:28Z;2026-03-26T01:51:19Z
tronprotocol/java-tron;4047;8.24;82;Java;1639;54;2017-12-26T10:20:38Z;2026-03-26T01:08:09Z
luckybilly/CC;4047;8.33;0;Java;633;29;2017-11-23T16:26:33Z;2026-03-18T12:27:21Z
Creators-of-Create/Create;4036;6.69;5;Java;1249;1146;2019-07-18T08:27:10Z;2026-03-25T13:52:57Z
uber/NullAway;4023;8.56;38;Java;330;141;2017-09-01T17:35:57Z;2026-03-25T16:30:31Z
xcltapestry/XCL-Charts;4021;11.79;0;Java;1125;10;2014-06-09T15:44:50Z;2026-03-18T12:26:26Z
oldmanpushcart/greys-anatomy;4020;13.34;0;Java;1203;75;2012-11-21T19:39:35Z;2026-03-20T16:13:40Z
freeplane/freeplane;4019;13.53;56;Java;473;429;2012-09-13T08:55:51Z;2026-03-26T01:51:19Z
BoltsFramework/Bolts-Android;4019;12.15;11;Java;525;27;2014-01-30T04:58:14Z;2026-03-13T08:12:50Z
jbloch/effective-java-3e-source-code;4015;7.64;0;Java;1980;20;2018-08-03T20:48:35Z;2026-03-24T05:44:16Z
awaitility/awaitility;4001;16.17;0;Java;257;88;2010-01-22T15:12:52Z;2026-03-25T08:08:24Z
makovkastar/FloatingActionButton;3998;11.67;0;Java;805;79;2014-07-22T13:29:55Z;2026-03-25T15:08:20Z
NotFound9/interviewGuide;3995;9.93;0;Java;687;14;2016-04-20T07:17:09Z;2026-03-25T08:54:52Z
Yalantis/Phoenix;3991;11.2;1;Java;909;15;2015-01-12T14:11:20Z;2026-03-13T18:41:16Z
lcodecorex/TwinklingRefreshLayout;3991;10.06;0;Java;666;114;2016-03-02T12:11:56Z;2026-03-16T10:49:13Z
JeremyLiao/LiveEventBus;3987;7.7;0;Java;569;127;2018-07-11T07:36:59Z;2026-03-20T05:46:20Z
Piasy/BigImageViewer;3987;9.38;0;Java;408;38;2016-11-06T09:55:02Z;2026-03-25T16:07:17Z
fishercoder1534/Leetcode;3981;9.65;0;Java;1295;22;2016-07-31T05:28:15Z;2026-03-25T21:02:50Z
pingfangushi/screw;3976;5.76;0;Java;731;59;2020-06-21T11:37:06Z;2026-03-22T22:38:03Z
qstumn/BadgeView;3972;9.13;5;Java;543;54;2017-02-08T02:01:39Z;2026-02-06T14:12:30Z
mercyblitz/tech-weekly;3971;7.31;0;Java;711;15;2018-12-03T03:10:52Z;2026-03-20T20:50:15Z
rovo89/XposedInstaller;3971;13.98;0;Java;1519;157;2012-04-02T20:33:05Z;2026-03-25T16:06:53Z
mouredev/hello-java;3967;1.0;0;Java;353;2;2025-03-25T11:15:12Z;2026-03-25T20:00:51Z
zzhoujay/RichText;3963;10.68;0;Java;563;136;2015-07-21T09:36:01Z;2026-03-24T10:16:57Z
Dimezis/BlurView;3963;9.92;32;Java;372;12;2016-04-21T16:00:07Z;2026-03-25T16:07:01Z
google/bundletool;3962;7.89;65;Java;419;92;2018-05-04T07:24:09Z;2026-03-25T06:45:05Z
shuzijun/leetcode-editor;3960;7.02;59;Java;422;139;2019-03-19T16:32:17Z;2026-03-25T09:30:27Z
binIoter/GuideView;3955;9.76;0;Java;655;27;2016-06-19T08:52:25Z;2026-03-25T13:21:43Z
kubernetes-client/java;3955;8.88;57;Java;2093;26;2017-05-08T21:52:58Z;2026-03-25T17:14:26Z
linyiqun/DataMiningAlgorithm;3951;11.2;0;Java;1688;4;2015-01-11T02:50:28Z;2026-03-25T03:39:23Z
promeG/TinyPinyin;3938;10.48;2;Java;495;42;2015-09-30T03:24:50Z;2026-03-21T13:24:31Z
JoanZapata/android-iconify;3932;12.78;0;Java;522;68;2013-06-12T11:42:01Z;2026-03-25T16:06:57Z
rengwuxian/RxJavaSamples;3924;10.0;3;Java;854;22;2016-03-24T13:08:10Z;2026-03-09T04:20:42Z
sofastack/sofa-rpc;3923;7.96;66;Java;1201;39;2018-04-09T03:32:04Z;2026-03-26T01:37:11Z
VaughnVernon/IDDD_Samples;3921;12.96;0;Java;923;36;2013-04-08T22:12:57Z;2026-03-25T10:03:00Z
amirzaidi/Launcher3;3907;8.82;22;Java;655;139;2017-05-30T12:53:32Z;2026-03-24T15:54:45Z
bluelinelabs/Conductor;3901;10.02;36;Java;339;111;2016-03-16T18:42:41Z;2026-03-24T13:33:15Z
databricks/learning-spark;3900;11.77;0;Java;2410;31;2014-06-16T04:47:54Z;2026-03-23T12:02:07Z
shopizer-ecommerce/shopizer;3900;13.34;18;Java;3257;571;2012-11-21T03:42:39Z;2026-03-25T07:08:20Z
JavaNoober/BackgroundLibrary;3895;7.54;13;Java;473;16;2018-09-09T08:52:45Z;2026-03-22T07:32:33Z
Exrick/xboot;3892;7.92;6;Java;1301;16;2018-04-23T14:44:18Z;2026-03-23T08:03:21Z
alibaba/jstorm;3885;12.56;22;Java;1777;226;2013-09-03T03:53:16Z;2026-03-17T07:09:33Z
vipulasri/Timeline-View;3883;10.28;15;Java;643;0;2015-12-15T14:55:04Z;2026-03-25T12:38:39Z
wendux/DSBridge-Android;3880;9.22;2;Java;648;106;2017-01-02T11:58:53Z;2026-03-26T00:40:03Z
react-native-share/react-native-share;3877;10.48;145;Java;974;21;2015-09-30T02:27:34Z;2026-03-20T07:48:15Z
ZHENFENG13/My-Blog;3877;7.06;0;Java;1013;24;2019-03-04T09:17:00Z;2026-03-24T09:27:49Z
RikkaApps/Sui;3868;5.22;21;Java;377;115;2021-01-03T08:26:16Z;2026-03-25T15:45:54Z
watabou/pixel-dungeon;3860;11.66;0;Java;1265;58;2014-07-26T17:34:32Z;2026-03-25T14:23:21Z
timehop/sticky-headers-recyclerview;3856;11.48;0;Java;753;83;2014-10-03T01:57:46Z;2026-03-25T12:23:19Z
yacy/yacy_search_server;3854;11.01;0;Java;476;207;2015-03-22T12:54:20Z;2026-03-25T23:55:47Z
emanuele-f/PCAPdroid;3854;6.21;68;Java;439;44;2020-01-06T18:11:27Z;2026-03-24T20:32:44Z
yanzhenjie/AndServer;3853;9.78;1;Java;776;145;2016-06-14T00:52:52Z;2026-03-23T09:48:04Z
uncle-novel/uncle-novel;3847;7.29;1;Java;541;27;2018-12-11T12:15:30Z;2026-03-26T00:21:17Z
RoaringBitmap/RoaringBitmap;3845;12.77;46;Java;587;74;2013-06-17T20:29:23Z;2026-03-25T23:09:49Z
MovingBlocks/Terasology;3845;15.06;70;Java;1356;477;2011-03-04T03:49:19Z;2026-03-25T21:10:15Z
spotbugs/spotbugs;3841;9.39;73;Java;652;473;2016-11-04T22:18:08Z;2026-03-25T10:50:59Z
MiguelCatalan/MaterialSearchView;3828;10.53;6;Java;615;169;2015-09-14T17:13:46Z;2026-03-15T03:16:44Z
aurelhubert/ahbottomnavigation;3825;10.02;14;Java;677;144;2016-03-17T12:17:56Z;2026-03-16T08:33:04Z
happydog-intj/CircleProgress;3816;11.4;0;Java;914;82;2014-10-30T16:14:42Z;2026-03-25T16:07:12Z
JCTools/JCTools;3810;12.37;19;Java;586;54;2013-11-10T18:04:40Z;2026-03-24T20:48:43Z
sofastack/sofa-jraft;3800;7.06;32;Java;1192;66;2019-03-04T10:13:43Z;2026-03-24T07:39:48Z
blossom-editor/blossom;3795;2.63;19;Java;340;6;2023-08-07T03:02:17Z;2026-03-23T13:03:08Z
sunfusheng/MarqueeView;3791;9.81;0;Java;668;44;2016-06-01T06:50:46Z;2026-03-24T14:58:01Z
mcxtzhang/SwipeDelMenuLayout;3788;9.58;2;Java;646;52;2016-08-25T08:10:45Z;2026-03-21T11:20:53Z
yanzhenjie/NoHttp;3785;10.66;0;Java;850;76;2015-07-29T06:11:12Z;2026-03-18T12:26:36Z
tchiotludo/akhq;3783;7.54;43;Java;765;264;2018-09-09T19:35:39Z;2026-03-25T07:11:03Z
rbmonster/learning-note;3783;5.77;0;Java;667;1;2020-06-15T16:47:25Z;2026-03-24T08:53:30Z
zhpanvip/BannerViewPager;3778;8.99;59;Java;465;14;2017-03-28T09:11:11Z;2026-03-25T13:21:24Z
mpusher/mpush;3775;9.91;9;Java;1451;31;2016-04-28T01:43:19Z;2026-03-25T02:51:28Z
NotHarshhaa/DevOps-Projects;3770;2.63;0;Java;3759;18;2023-08-09T04:19:38Z;2026-03-25T20:21:10Z
lygttpod/SuperTextView;3766;9.43;39;Java;588;24;2016-10-19T04:06:54Z;2026-03-25T11:05:03Z
apache/kylin;3766;11.22;2;Java;1515;80;2015-01-03T08:00:05Z;2026-03-19T01:00:27Z
CameraKit/blurkit-android;3763;9.38;3;Java;314;38;2016-11-06T03:14:58Z;2026-03-12T08:38:49Z
Ereza/CustomActivityOnCrash;3762;11.72;12;Java;542;7;2014-07-04T19:46:21Z;2026-03-20T06:41:32Z
helidon-io/helidon;3759;7.58;139;Java;596;613;2018-08-27T11:03:52Z;2026-03-25T15:32:31Z
undertow-io/undertow;3746;13.68;18;Java;1057;41;2012-07-19T00:52:44Z;2026-03-19T16:07:28Z
Atmosphere/atmosphere;3746;15.73;22;Java;756;46;2010-06-30T14:26:23Z;2026-03-25T23:52:11Z
jtablesaw/tablesaw;3745;10.23;84;Java;654;142;2016-01-01T14:58:28Z;2026-03-25T02:57:29Z
roboguice/roboguice;3744;13.62;0;Java;812;147;2012-08-12T20:37:19Z;2026-03-02T04:05:49Z
Netflix/maestro;3742;1.94;0;Java;267;27;2024-04-17T01:15:56Z;2026-03-25T23:39:46Z
FCL-Team/FoldCraftLauncher;3737;3.43;147;Java;268;365;2022-10-19T10:12:18Z;2026-03-25T15:25:31Z
portfolio-performance/portfolio;3732;14.0;264;Java;757;487;2012-03-24T09:43:08Z;2026-03-24T15:03:33Z
lihangleo2/ShadowLayout;3731;6.71;32;Java;424;9;2019-07-09T07:17:06Z;2026-03-24T09:12:08Z
andOTP/andOTP;3730;8.72;38;Java;375;198;2017-07-05T11:39:52Z;2026-03-19T18:07:56Z
coderbruis/JavaSourceCodeLearning;3730;5.81;0;Java;601;6;2020-06-02T13:34:20Z;2026-03-24T09:17:11Z
ethanhua/Skeleton;3724;8.65;0;Java;457;28;2017-07-30T06:42:39Z;2026-03-18T20:04:37Z
stfalcon-studio/ChatKit;3722;9.14;1;Java;832;132;2017-02-02T09:37:15Z;2026-03-16T08:24:00Z
HelloWorld521/Java;3715;9.29;0;Java;1527;83;2016-12-08T14:01:46Z;2026-03-25T17:13:50Z
willowtreeapps/spruce-android;3712;9.08;3;Java;365;1;2017-02-23T20:34:18Z;2026-03-24T15:09:24Z
DataLinkDC/dinky;3712;4.79;32;Java;1327;214;2021-06-09T07:11:26Z;2026-03-25T15:31:43Z
liuyubobobo/Play-with-Algorithms;3710;9.72;0;Java;1452;0;2016-07-05T18:16:22Z;2026-03-25T09:36:18Z
grpc-ecosystem/grpc-spring;3706;9.23;34;Java;864;172;2016-12-30T09:06:15Z;2026-03-23T15:37:12Z
OpenHFT/Chronicle-Queue;3706;12.81;540;Java;561;34;2013-06-02T15:11:33Z;2026-03-23T13:30:07Z
ByteLegend/ByteLegend;3706;5.14;0;Java;146;46;2021-02-01T10:11:30Z;2026-03-24T08:12:53Z
ryanhoo/StylishMusicPlayer;3701;9.53;0;Java;763;25;2016-09-13T14:38:32Z;2026-03-19T08:26:35Z
dromara/liteflow;3698;6.0;0;Java;506;56;2020-03-25T16:49:22Z;2026-03-25T09:13:00Z
dingjikerbo/Android-BluetoothKit;3695;10.46;0;Java;757;115;2015-10-08T09:07:33Z;2026-03-22T14:25:31Z
FasterXML/jackson-databind;3693;14.25;0;Java;1474;169;2011-12-23T07:17:41Z;2026-03-25T23:20:35Z
IrisShaders/Iris;3692;5.42;140;Java;735;608;2020-10-22T20:21:12Z;2026-03-25T12:05:18Z
microservices-patterns/ftgo-application;3690;8.42;0;Java;1400;97;2017-10-23T04:30:04Z;2026-03-25T22:11:18Z
springdoc/springdoc-openapi;3688;6.7;103;Java;587;4;2019-07-11T23:08:20Z;2026-03-25T12:13:34Z
DependencyTrack/dependency-track;3688;12.69;75;Java;717;1045;2013-07-16T19:16:43Z;2026-03-25T14:58:22Z
apache/incubator-heron;3687;10.5;56;Java;582;408;2015-09-25T16:09:24Z;2026-03-18T12:37:52Z
1024-lab/smart-admin;3687;6.35;24;Java;973;25;2019-11-16T02:30:31Z;2026-03-26T01:44:34Z
Mojang/brigadier;3680;11.52;3;Java;409;81;2014-09-15T08:48:24Z;2026-03-26T00:24:53Z
linkedin/databus;3678;13.27;0;Java;735;40;2012-12-17T17:49:17Z;2026-03-22T19:18:12Z
networknt/light-4j;3677;9.54;195;Java;628;14;2016-09-09T22:28:14Z;2026-03-25T01:55:08Z
Haleydu/Cimoc;3675;5.71;61;Java;237;99;2020-07-09T03:09:02Z;2026-03-25T17:27:46Z
lisawray/groupie;3668;9.56;28;Java;294;69;2016-09-01T20:59:35Z;2026-03-25T14:02:23Z
yangfuhai/ASimpleCache;3666;12.66;0;Java;1232;33;2013-07-28T13:50:59Z;2026-03-24T10:16:55Z
mbechler/marshalsec;3665;8.84;0;Java;682;5;2017-05-22T11:43:57Z;2026-03-24T05:53:50Z
google/rejoiner;3664;8.3;3;Java;135;48;2017-12-06T19:09:53Z;2026-03-19T11:45:41Z
spring-io/initializr;3659;12.8;19;Java;1796;43;2013-06-07T16:02:22Z;2026-03-25T15:40:35Z
KunMinX/Linkage-RecyclerView;3659;6.92;0;Java;462;4;2019-04-22T04:39:46Z;2026-03-20T11:31:11Z
dropbox/hackpad;3659;10.61;0;Java;520;46;2015-08-14T02:32:17Z;2026-03-19T13:39:37Z
anggrayudi/android-hidden-api;3658;10.52;2;Java;652;41;2015-09-16T11:58:33Z;2026-03-25T03:27:31Z
apache/tika;3657;16.85;0;Java;916;58;2009-05-21T02:12:11Z;2026-03-26T01:43:07Z
fyhertz/libstreaming;3656;13.15;0;Java;1074;249;2013-01-30T21:24:47Z;2026-03-22T23:31:24Z
huburt-Hu/NewbieGuide;3646;8.66;20;Java;529;113;2017-07-28T06:54:05Z;2026-03-24T00:50:37Z
TNG/ArchUnit;3639;8.93;43;Java;332;182;2017-04-21T08:39:20Z;2026-03-25T22:07:53Z
fabric8io/kubernetes-client;3637;10.71;131;Java;1507;88;2015-07-09T15:43:13Z;2026-03-26T02:05:19Z
litesuits/android-common;3630;11.82;0;Java;1078;13;2014-05-29T08:08:00Z;2026-03-24T15:09:23Z
spockframework/spock;3625;15.28;28;Java;480;193;2010-12-12T19:02:34Z;2026-03-23T20:01:20Z
alibaba/Alink;3620;7.48;22;Java;793;59;2018-09-30T06:36:11Z;2026-03-25T14:07:52Z
PlexPt/chatgpt-java;3619;3.3;24;Java;698;47;2022-12-07T04:55:33Z;2026-03-21T18:16:06Z
dtinit/data-transfer-project;3610;8.22;61;Java;491;54;2018-01-04T21:27:57Z;2026-03-24T02:16:42Z
rockerhieu/emojicon;3608;12.18;2;Java;813;83;2014-01-18T12:32:38Z;2026-03-25T06:07:51Z
hmkcode/Android;3605;12.56;0;Java;3390;78;2013-09-02T16:12:28Z;2026-03-25T16:06:59Z
googlemaps/android-maps-utils;3601;12.86;63;Java;1544;55;2013-05-17T00:08:48Z;2026-03-25T16:06:57Z
oasisfeng/island;3600;9.92;50;Java;254;461;2016-04-23T11:30:18Z;2026-03-26T01:11:58Z
termux/termux-api;3593;10.73;53;Java;754;282;2015-07-03T00:57:59Z;2026-03-25T19:12:57Z
cSploit/android;3592;11.47;33;Java;1140;390;2014-10-04T05:53:29Z;2026-03-22T11:25:00Z
Nekogram/Nekogram;3589;2.54;46;Java;163;26;2023-09-10T07:07:51Z;2026-03-25T20:43:13Z
apache/logging-log4j2;3587;12.78;17;Java;1708;219;2013-06-12T07:00:19Z;2026-03-25T04:12:01Z
tyrantgit/ExplosionField;3586;10.5;0;Java;570;25;2015-09-23T11:34:50Z;2026-03-20T04:57:55Z
vert-x3/vertx-examples;3584;11.08;0;Java;2053;47;2015-02-24T17:42:44Z;2026-03-25T22:09:44Z
WVector/AppUpdate;3583;8.76;3;Java;741;87;2017-06-19T09:38:42Z;2026-03-24T06:48:17Z
kikoso/android-stackblur;3582;12.61;0;Java;648;13;2013-08-15T14:44:32Z;2026-03-16T08:23:52Z
davideas/FlexibleAdapter;3571;10.9;31;Java;556;52;2015-05-02T22:00:43Z;2026-03-25T07:09:28Z
AxonFramework/AxonFramework;3570;14.31;150;Java;837;230;2011-12-02T16:04:42Z;2026-03-24T23:53:58Z
dongjunkun/DropDownMenu;3568;10.75;2;Java;781;57;2015-06-23T07:43:56Z;2026-03-23T09:02:33Z
LinShunKang/MyPerf4J;3566;8.04;25;Java;558;5;2018-03-11T09:58:44Z;2026-03-18T03:52:53Z
JakeWharton/ThreeTenABP;3558;10.73;0;Java;135;4;2015-07-03T17:35:09Z;2026-03-25T12:19:32Z
code4craft/netty-learning;3554;12.51;0;Java;1186;3;2013-09-19T02:24:25Z;2026-03-18T15:26:20Z
bilibili/MagicaSakura;3552;9.75;3;Java;460;25;2016-06-23T07:54:59Z;2026-03-10T03:31:24Z
dariuszseweryn/RxAndroidBle;3548;10.14;60;Java;591;61;2016-02-04T13:42:02Z;2026-03-24T15:09:22Z
immutables/immutables;3548;12.71;21;Java;293;441;2013-07-07T13:48:23Z;2026-03-22T17:04:10Z
Netflix/concurrency-limits;3545;8.28;103;Java;325;52;2017-12-11T19:32:41Z;2026-03-25T19:21:40Z
johncarl81/parceler;3538;12.73;0;Java;272;33;2013-07-03T02:53:01Z;2026-03-22T10:07:15Z
arimorty/floatingsearchview;3534;10.34;0;Java;658;77;2015-11-22T02:38:32Z;2026-03-23T17:56:31Z
spring-cloud/spring-cloud-kubernetes;3532;9.28;39;Java;1052;24;2016-12-13T21:36:25Z;2026-03-25T21:47:29Z
M66B/NetGuard;3531;10.42;165;Java;300;1;2015-10-24T17:59:20Z;2026-03-25T23:43:53Z
Guardsquare/proguard;3530;7.0;36;Java;479;187;2019-03-27T16:35:35Z;2026-03-25T06:03:55Z
luontola/retrolambda;3527;12.68;0;Java;226;28;2013-07-20T07:25:22Z;2026-03-22T03:53:56Z
andremion/Music-Player;3523;9.88;2;Java;700;3;2016-05-06T21:55:37Z;2026-03-25T16:07:02Z
rom1v/sndcpy;3518;5.79;2;Java;323;178;2020-06-09T19:36:57Z;2026-03-25T12:38:34Z
lenve/JavaEETest;3515;9.28;0;Java;2792;68;2016-12-13T02:13:58Z;2026-03-23T02:55:43Z
eclipse-openj9/openj9;3509;8.58;57;Java;786;3032;2017-08-25T13:46:07Z;2026-03-26T01:18:05Z
nageoffer/12306;3508;2.82;0;Java;342;11;2023-05-30T04:08:28Z;2026-03-26T01:23:09Z
lsjwzh/RecyclerViewPager;3506;11.18;10;Java;661;124;2015-01-17T18:30:34Z;2026-03-14T07:36:17Z
Aefyr/SAI;3504;7.28;45;Java;308;2;2018-12-14T19:22:27Z;2026-03-25T18:07:32Z
nytimes/Store;3503;9.32;0;Java;305;41;2016-11-29T20:17:11Z;2026-03-25T16:07:19Z
baoyongzhang/SwipeMenuListView;3501;11.58;2;Java;1258;137;2014-08-24T15:40:45Z;2026-03-11T08:26:54Z
codeestX/GeekNews;3500;9.63;0;Java;820;50;2016-08-07T14:56:56Z;2026-03-10T02:04:09Z
apache/incubator-kie-optaplanner;3490;15.1;6;Java;970;20;2011-02-15T19:38:23Z;2026-03-25T14:24:34Z
KingJA/LoadSir;3486;8.56;6;Java;507;24;2017-09-02T08:32:15Z;2026-03-20T06:41:34Z
Athou/commafeed;3485;13.01;66;Java;399;47;2013-03-20T19:32:09Z;2026-03-25T18:20:22Z
getActivity/Toaster;3480;7.52;38;Java;426;2;2018-09-16T05:28:57Z;2026-03-23T06:35:26Z
phodal/migration;3477;6.21;0;Java;569;0;2020-01-08T02:11:38Z;2026-03-24T08:14:25Z
ittianyu/BottomNavigationViewEx;3474;9.36;19;Java;555;58;2016-11-12T08:39:38Z;2026-03-22T15:58:49Z
WinterChenS/my-site;3474;7.89;0;Java;1071;18;2018-05-03T09:05:37Z;2026-03-25T12:22:36Z
